id,question,user,position
7,1,6,49.0
14,5,12,49.0
21,6,17,49.0
28,19,21,49.0
35,35,10,49.0
42,36,26,49.0
49,44,9,49.0
56,49,10,49.0
63,49,15,49.0
70,49,43,49.0
77,6549,18,49.0
84,6549,46,49.0
91,79,51,49.0
98,79,9,49.0
105,81,24,49.0
112,81,60,49.0
119,81,39,49.0
126,81,68,49.0
133,83,9,49.0
140,87,42,49.0
147,90,30,49.0
154,91,27,49.0
161,94,20,49.0
168,96,43,49.0
175,114,20,49.0
182,114,79,49.0
189,114,84,49.0
196,119,19,49.0
203,128,71,49.0
210,132,73,49.0
217,133,30,49.0
224,135,22,49.0
231,135,29,49.0
238,135,38,49.0
245,139,32,49.0
252,139,98,110.0
259,147,1,49.0
266,147,102,110.0
273,150,24,49.0
280,156,23,49.0
287,156,10,49.0
294,156,106,110.0
301,156,66,49.0
308,162,3,49.0
315,167,112,110.0
322,171,9,49.0
329,178,25,49.0
336,178,64,49.0
343,182,116,110.0
350,182,29,49.0
357,182,64,49.0
364,182,31,49.0
371,185,73,49.0
378,186,10,49.0
385,187,3,49.0
392,187,31,49.0
399,191,7,49.0
406,204,25,49.0
413,204,8,49.0
420,5496,31,49.0
427,5497,126,110.0
434,5497,86,49.0
441,219,30,49.0
448,224,28,49.0
455,224,31,49.0
462,236,24,49.0
469,236,50,49.0
476,109267,30,113.0
483,244,27,49.0
490,256,33,49.0
497,257,23,49.0
504,265,9,49.0
511,270,24,122.0
518,270,60,122.0
525,270,9,122.0
532,271,71,49.0
539,272,73,49.0
546,273,54,49.0
553,273,73,49.0
560,273,42,49.0
567,278,9,107.0
574,285,30,117.0
581,293,51,49.0
588,296,6,35.0
595,296,42,122.0
602,300,60,117.0
609,308,42,122.0
616,321,31,49.0
623,333,33,49.0
630,334,9,49.0
637,348,23,49.0
644,349,24,49.0
651,350,25,49.0
658,350,115,110.0
665,359,9,49.0
672,362,31,49.0
679,374,119,108.0
686,376,24,49.0
693,376,31,49.0
700,377,25,49.0
707,377,80,117.0
714,377,50,117.0
721,385,24,122.0
728,386,3,122.0
735,393,134,108.0
742,393,47,49.0
749,393,141,108.0
756,397,51,49.0
763,401,30,49.0
770,401,4,35.0
777,403,51,117.0
784,403,20,49.0
791,403,3,35.0
798,409,9,35.0
805,10995,19,49.0
812,10995,142,110.0
819,437,9,139.0
826,437,143,119.0
833,437,93,122.0
840,10996,145,108.0
847,453,19,49.0
854,453,3,49.0
861,454,52,49.0
868,457,51,49.0
875,457,98,110.0
882,463,10,49.0
889,463,38,49.0
896,471,29,49.0
903,476,60,122.0
910,483,20,49.0
917,483,119,108.0
924,484,24,139.0
931,487,24,49.0
938,492,20,49.0
945,492,64,49.0
952,493,52,49.0
959,120233,3,100.0
966,515,22,139.0
973,515,9,139.0
980,527,20,49.0
987,548,25,49.0
994,548,33,49.0
1001,548,1,49.0
1008,549,43,49.0
1015,559,73,117.0
1022,564,22,49.0
1029,564,47,117.0
1036,566,28,122.0
1043,570,9,122.0
1050,572,9,49.0
1057,573,0,139.0
1064,577,9,49.0
1071,581,72,49.0
1078,582,30,49.0
1085,583,25,49.0
1092,583,100,116.0
1099,584,52,117.0
1106,585,115,108.0
1113,590,152,110.0
1120,598,9,49.0
1127,610,9,49.0
1134,610,157,110.0
1141,610,124,110.0
1148,612,10,49.0
1155,615,30,49.0
1162,619,30,49.0
1169,624,20,49.0
1176,631,12,49.0
1183,642,9,49.0
1190,645,3,49.0
1197,651,12,49.0
1204,659,43,49.0
1211,673,62,49.0
1218,674,25,49.0
1225,674,166,110.0
1232,674,161,110.0
1239,677,51,49.0
1246,678,64,49.0
1253,681,64,49.0
1260,682,14,49.0
1267,684,30,49.0
1274,686,12,49.0
1281,687,134,110.0
1288,687,171,110.0
1295,687,82,49.0
1302,687,176,110.0
1309,688,9,49.0
1316,691,147,110.0
1323,691,43,49.0
1330,103881,52,113.0
1337,705,98,110.0
1344,721,43,49.0
1351,722,9,49.0
1358,727,33,49.0
1365,731,28,49.0
1372,735,17,49.0
1379,744,30,49.0
1386,746,9,49.0
1393,747,151,108.0
1400,748,30,49.0
1407,749,151,110.0
1414,759,112,110.0
1421,759,60,49.0
1428,759,30,49.0
1435,767,20,49.0
1442,767,9,49.0
1449,776,53,49.0
1456,783,30,49.0
1463,791,151,110.0
1470,791,17,49.0
1477,794,42,49.0
1484,803,9,49.0
1491,804,151,110.0
1498,809,47,49.0
1505,815,33,49.0
1512,816,29,49.0
1519,816,8,49.0
1526,827,20,49.0
1533,827,1,49.0
1540,838,9,49.0
1547,845,52,49.0
1554,847,12,49.0
1561,847,190,110.0
1568,847,119,110.0
1575,847,31,49.0
1582,847,86,49.0
1589,850,129,110.0
1596,853,19,49.0
1603,858,9,49.0
1610,864,29,49.0
1617,865,9,35.0
1624,866,33,49.0
1631,870,52,49.0
1638,878,9,49.0
1645,878,42,49.0
1652,5485,60,49.0
1659,900,12,49.0
1666,903,28,49.0
1673,910,151,119.0
1680,910,17,122.0
1687,911,9,49.0
1694,912,192,108.0
1701,912,146,108.0
1708,912,197,108.0
1715,109380,26,104.0
1722,109380,114,113.0
1729,109380,102,104.0
1736,932,9,122.0
1743,934,10,35.0
1750,939,30,49.0
1757,943,30,49.0
1764,948,17,49.0
1771,949,62,150.0
1778,109385,30,113.0
1785,960,28,122.0
1792,985,28,49.0
1799,991,30,49.0
1806,992,9,49.0
1813,996,151,108.0
1820,996,3,49.0
1827,997,152,110.0
1834,999,30,49.0
1841,1000,64,49.0
1848,1001,16,49.0
1855,1001,122,107.0
1862,1005,52,49.0
1869,1014,29,49.0
1876,1015,21,49.0
1883,1015,205,108.0
1890,1015,48,49.0
1897,1015,87,49.0
1904,1017,21,49.0
1911,1017,9,49.0
1918,1017,217,108.0
1925,1017,200,108.0
1932,1017,224,108.0
1939,1017,227,108.0
1946,1017,31,49.0
1953,1021,30,49.0
1960,1023,21,49.0
1967,1023,30,49.0
1974,1031,42,49.0
1981,1039,52,49.0
1988,1039,9,49.0
1995,1051,22,49.0
2002,1051,76,117.0
2009,1052,30,49.0
2016,1056,71,49.0
2023,1062,30,49.0
2030,1064,9,49.0
2037,1065,17,49.0
2044,1066,17,49.0
2051,1073,98,110.0
2058,1074,11,49.0
2065,1079,12,35.0
2072,1080,24,49.0
2079,1080,232,108.0
2086,1082,30,49.0
2093,1085,30,49.0
2100,5643,71,49.0
2107,1116,30,117.0
2114,1121,151,108.0
2121,1121,130,108.0
2128,1131,25,49.0
2135,1133,14,49.0
2142,1138,151,108.0
2149,1140,1,49.0
2156,1143,62,49.0
2163,1145,22,49.0
2170,1145,9,49.0
2177,1145,3,35.0
2184,1152,103,110.0
2191,1152,129,110.0
2198,1152,238,108.0
2205,1155,23,49.0
2212,1159,9,35.0
2219,1159,42,122.0
2226,1162,52,117.0
2233,1164,62,117.0
2240,1193,9,49.0
2247,1194,72,49.0
2254,1194,130,108.0
2261,1198,9,139.0
2268,1224,14,49.0
2275,1229,73,49.0
2282,1231,151,108.0
2289,1231,42,49.0
2296,1239,51,49.0
2303,1240,30,49.0
2310,1243,3,35.0
2317,1250,52,117.0
2324,1257,98,116.0
2331,1258,0,35.0
2338,1258,100,117.0
2345,1260,10,35.0
2352,1260,167,108.0
2359,1263,26,122.0
2366,1263,9,122.0
2373,1267,1,139.0
2380,1271,30,49.0
2387,1279,60,117.0
2394,1280,9,35.0
2401,1280,17,49.0
2408,1288,42,49.0
2415,1294,9,49.0
2422,120365,5,128.0
2429,1322,30,49.0
2436,1324,54,49.0
2443,1328,9,49.0
2450,1348,62,49.0
2457,1357,30,49.0
2464,1379,9,35.0
2471,1392,28,117.0
2478,1395,9,35.0
2485,1400,9,122.0
2492,1400,27,122.0
2499,1402,151,108.0
2506,1406,9,49.0
2513,1413,9,49.0
2520,1416,28,49.0
2527,1428,51,117.0
2534,1432,18,49.0
2541,1439,47,49.0
2548,1463,30,49.0
2555,1481,60,49.0
2562,1516,30,49.0
2569,1526,19,49.0
2576,1526,119,49.0
2583,1532,43,49.0
2590,1575,9,49.0
2597,1586,29,49.0
2604,1586,50,49.0
2611,1620,14,49.0
2618,1621,181,87.0
2625,1626,71,49.0
2632,1652,54,49.0
2639,1652,50,49.0
2646,1673,27,49.0
2653,1674,243,87.0
2660,1683,38,49.0
2667,1693,31,49.0
2674,1722,30,49.0
2681,1739,71,49.0
2688,1747,9,49.0
2695,1747,50,49.0
2702,1748,43,49.0
2709,1760,119,107.0
2716,1762,20,107.0
2723,1762,43,107.0
2730,1771,73,49.0
2737,1786,30,49.0
2744,1788,14,49.0
2751,1802,243,87.0
2758,1813,19,49.0
2765,1823,52,49.0
2772,1842,19,49.0
2779,1860,14,49.0
2786,1866,21,49.0
2793,1866,79,49.0
2800,1866,128,49.0
2807,1911,243,108.0
2814,1951,31,49.0
2821,1985,60,49.0
2828,2000,243,108.0
2835,2033,64,49.0
2842,2073,248,-140.0
2849,2077,122,107.0
2856,2089,24,49.0
2863,2090,22,107.0
2870,2090,132,107.0
2877,2090,48,107.0
2884,2110,18,107.0
2891,2110,119,107.0
2898,2119,3,49.0
2905,2158,20,124.0
2912,2158,63,128.0
2919,100479,3,104.0
2926,2193,9,49.0
2933,2193,37,49.0
2940,2193,101,49.0
2947,2206,51,49.0
2954,2212,128,49.0
2961,2230,89,49.0
2968,2230,129,49.0
2975,2230,10,49.0
2982,2230,164,96.0
2989,2260,51,49.0
2996,2274,3,49.0
3003,2289,9,49.0
3010,2298,98,107.0
3017,2340,24,49.0
3024,2340,3,49.0
3031,2350,62,107.0
3038,2356,18,107.0
3045,2359,60,128.0
3052,5856,89,49.0
3059,5856,45,49.0
3066,5856,0,49.0
3073,5856,250,108.0
3080,100687,43,104.0
3087,2395,242,87.0
3094,2398,24,49.0
3101,100711,43,117.0
3108,100714,9,117.0
3115,100714,50,117.0
3122,100729,9,113.0
3129,100735,13,113.0
3136,100745,73,128.0
3143,100745,102,128.0
3150,2442,251,87.0
3157,100758,3,113.0
3164,100762,98,113.0
3171,100765,2,113.0
3178,100769,3,113.0
3185,2476,40,49.0
3192,2487,252,87.0
3199,2489,26,49.0
3206,2489,148,49.0
3213,2489,119,49.0
3220,2489,255,87.0
3227,2493,252,87.0
3234,100798,24,113.0
3241,2499,40,49.0
3248,2501,0,49.0
3255,2501,5,49.0
3262,2523,23,49.0
3269,2523,117,49.0
3276,2523,3,49.0
3283,2523,102,49.0
3290,2528,54,49.0
3297,2528,102,49.0
3304,2532,251,87.0
3311,100847,126,113.0
3318,100847,144,113.0
3325,100848,71,113.0
3332,100862,9,117.0
3339,2564,251,87.0
3346,100874,30,113.0
3353,100884,18,128.0
3360,100888,3,117.0
3367,100892,64,117.0
3374,100892,41,117.0
3381,100894,31,107.0
3388,2591,64,107.0
3395,11355,126,108.0
3402,11355,148,108.0
3409,11355,154,108.0
3416,11355,205,108.0
3423,11355,267,108.0
3430,11355,268,108.0
3437,11355,269,108.0
3444,11355,167,108.0
3451,11355,209,108.0
3458,11355,275,108.0
3465,100923,73,123.0
3472,2622,24,49.0
3479,123385,20,132.0
3486,100937,64,113.0
3493,100940,11,117.0
3500,100941,30,123.0
3507,2638,40,49.0
3514,2639,22,49.0
3521,2641,71,49.0
3528,2644,54,49.0
3535,2644,3,49.0
3542,100954,30,139.0
3549,5903,88,49.0
3556,100957,20,128.0
3563,100957,121,128.0
3570,2656,24,49.0
3577,2656,249,108.0
3584,2656,188,96.0
3591,2665,47,107.0
3598,100970,73,128.0
3605,100971,33,104.0
3612,100972,10,128.0
3619,100972,39,128.0
3626,100988,129,115.0
3633,2689,52,128.0
3640,2689,244,-140.0
3647,2689,14,124.0
3654,2689,250,-140.0
3661,2689,17,124.0
3668,2692,30,49.0
3675,101004,23,104.0
3682,101004,129,108.0
3689,101004,88,113.0
3696,101007,20,113.0
3703,101008,106,108.0
3710,101014,30,107.0
3717,101022,43,123.0
3724,101023,10,100.0
3731,2725,252,108.0
3738,2727,248,108.0
3745,101040,23,139.0
3752,101040,143,119.0
3759,101044,23,139.0
3766,101046,91,123.0
3773,101047,52,113.0
3780,101047,174,113.0
3787,2746,24,49.0
3794,2755,113,49.0
3801,101063,19,128.0
3808,101077,51,104.0
3815,2784,147,49.0
3822,5926,52,49.0
3829,101098,33,113.0
3836,2795,64,49.0
3843,101106,42,123.0
3850,2808,27,49.0
3857,101128,148,119.0
3864,101128,66,119.0
3871,2854,28,49.0
3878,5937,52,49.0
3885,5937,87,49.0
3892,2861,91,49.0
3899,2862,115,49.0
3906,2896,113,49.0
3913,101202,18,104.0
3920,101204,113,119.0
3927,2901,233,87.0
3934,2901,71,49.0
3941,2901,280,87.0
3948,2901,243,87.0
3955,2901,65,49.0
3962,2901,287,87.0
3969,2907,24,49.0
3976,101222,9,113.0
3983,2920,28,49.0
3990,2922,24,49.0
3997,101232,58,100.0
4004,101234,32,117.0
4011,101250,84,107.0
4018,2951,113,49.0
4025,5954,19,49.0
4032,2974,54,49.0
4039,2989,30,49.0
4046,3009,189,87.0
4053,3009,77,49.0
4060,3009,105,49.0
4067,3009,290,108.0
4074,101314,28,94.0
4081,101321,43,94.0
4088,3034,13,49.0
4095,3034,50,49.0
4102,3050,102,49.0
4109,3053,243,87.0
4116,101376,54,117.0
4123,3082,24,49.0
4130,101398,43,123.0
4137,3107,71,49.0
4144,3123,14,49.0
4151,101433,18,104.0
4158,3138,134,49.0
4165,3138,52,49.0
4172,3138,117,49.0
4179,3138,118,49.0
4186,3138,266,108.0
4193,3138,277,108.0
4200,101454,30,117.0
4207,3156,29,107.0
4214,3156,124,107.0
4221,3159,213,86.0
4228,3159,282,108.0
4235,3159,297,108.0
4242,101467,50,139.0
4249,3182,1,49.0
4256,101490,71,119.0
4263,101501,10,117.0
4270,101515,13,117.0
4277,101515,35,117.0
4284,101515,270,108.0
4291,3217,14,49.0
4298,3222,122,49.0
4305,3240,23,49.0
4312,101556,88,119.0
4319,101569,129,119.0
4326,101569,16,117.0
4333,3266,119,107.0
4340,101577,23,117.0
4347,101577,119,108.0
4354,3278,47,49.0
4361,101589,122,108.0
4368,101605,98,119.0
4375,3313,3,49.0
4382,3318,9,49.0
4389,101636,92,117.0
4396,101642,43,123.0
4403,101644,13,123.0
4410,101645,42,123.0
4417,3349,54,49.0
4424,3356,3,107.0
4431,101663,10,123.0
4438,3396,0,107.0
4445,3408,28,107.0
4452,3410,28,49.0
4459,3417,52,49.0
4466,3417,243,108.0
4473,3418,20,49.0
4480,3419,61,49.0
4487,3419,94,49.0
4494,3419,39,49.0
4501,3419,69,49.0
4508,3419,169,87.0
4515,3419,241,87.0
4522,3424,20,49.0
4529,3436,42,49.0
4536,3446,248,108.0
4543,3446,171,107.0
4550,3446,27,107.0
4557,3450,113,107.0
4564,3450,29,49.0
4571,3461,248,108.0
4578,3461,16,49.0
4585,3475,33,49.0
4592,3476,98,49.0
4599,3494,1,49.0
4606,3501,243,108.0
4613,3502,46,107.0
4620,3503,73,49.0
4627,101808,20,128.0
4634,3516,64,49.0
4641,3518,72,107.0
4648,3518,27,49.0
4655,3523,60,128.0
4662,3527,243,108.0
4669,3529,46,107.0
4676,101848,42,113.0
4683,3549,248,-140.0
4690,3549,242,-140.0
4697,3551,119,128.0
4704,3551,3,139.0
4711,101856,49,110.0
4718,3565,60,139.0
4725,3602,10,49.0
4732,3602,128,49.0
4739,3603,43,107.0
4746,3605,10,49.0
4753,3608,33,107.0
4760,3608,7,49.0
4767,3608,41,107.0
4774,3612,47,49.0
4781,3617,165,107.0
4788,3617,10,49.0
4795,3617,166,107.0
4802,3617,169,107.0
4809,101930,51,93.0
4816,3630,179,107.0
4823,3630,129,107.0
4830,3630,60,107.0
4837,3630,42,107.0
4844,3638,24,107.0
4851,101945,9,110.0
4858,3644,21,49.0
4865,3647,3,49.0
4872,3648,73,107.0
4879,6070,30,49.0
4886,6070,9,49.0
4893,3660,71,128.0
4900,3660,98,128.0
4907,11533,72,122.0
4914,11533,48,122.0
4921,3676,14,107.0
4928,3676,35,107.0
4935,3676,130,107.0
4942,3681,3,139.0
4949,3688,48,128.0
4956,3690,117,128.0
4963,3690,118,128.0
4970,3690,262,-140.0
4977,3690,242,-140.0
4984,3690,140,128.0
4991,109842,98,104.0
4998,102003,5,93.0
5005,3705,19,49.0
5012,102014,44,113.0
5019,102014,132,113.0
5026,102014,309,82.0
5033,102014,312,82.0
5040,102014,64,113.0
5047,102014,196,113.0
5054,102014,318,82.0
5061,3727,20,49.0
5068,102034,3,113.0
5075,3731,80,49.0
5082,3740,43,49.0
5089,102047,20,110.0
5096,3750,24,49.0
5103,102056,71,110.0
5110,102067,50,93.0
5117,3767,28,49.0
5124,3767,33,49.0
5131,102075,0,110.0
5138,3775,28,49.0
5145,102082,70,93.0
5152,102082,64,93.0
5159,3780,88,49.0
5166,3791,164,87.0
5173,3798,23,49.0
5180,109860,42,113.0
5187,102116,33,93.0
5194,3818,113,49.0
5201,3835,18,49.0
5208,3835,46,49.0
5215,3852,28,49.0
5222,3858,71,49.0
5229,3870,29,49.0
5236,3879,3,49.0
5243,3884,30,49.0
5250,11572,46,49.0
5257,3909,22,49.0
5264,102246,30,110.0
5271,3949,42,49.0
5278,102278,64,110.0
5285,3982,9,49.0
5292,3982,29,49.0
5299,3997,30,49.0
5306,3997,98,49.0
5313,102305,144,110.0
5320,4012,53,49.0
5327,4019,113,49.0
5334,4019,43,49.0
5341,4024,54,107.0
5348,4024,5,49.0
5355,4034,19,49.0
5362,102354,0,132.0
5369,4061,28,107.0
5376,4061,87,107.0
5383,4068,9,107.0
5390,4076,179,107.0
5397,4076,10,49.0
5404,4076,249,108.0
5411,4076,128,107.0
5418,4082,52,49.0
5425,4082,70,107.0
5432,4082,27,49.0
5439,4087,42,107.0
5446,4090,324,-140.0
5453,4090,326,-140.0
5460,4090,220,128.0
5467,4090,303,-140.0
5474,4095,20,107.0
5481,4095,42,107.0
5488,4107,42,107.0
5495,102424,50,119.0
5502,4125,113,107.0
5509,102435,56,113.0
5516,102435,4,110.0
5523,102435,124,113.0
5530,102440,250,108.0
5537,102440,11,113.0
5544,102440,206,108.0
5551,102440,27,113.0
5558,102440,176,108.0
5565,102442,89,110.0
5572,4140,47,49.0
5579,102447,89,113.0
5586,102447,62,113.0
5593,102452,20,110.0
5600,102464,52,113.0
5607,102468,28,104.0
5614,4168,23,49.0
5621,102477,9,113.0
5628,102483,0,113.0
5635,102486,20,113.0
5642,4185,73,128.0
5649,4185,343,-140.0
5656,4185,31,128.0
5663,102493,43,110.0
5670,102502,23,107.0
5677,102503,10,110.0
5684,102509,19,104.0
5691,4207,243,108.0
5698,4209,29,49.0
5705,102524,119,104.0
5712,102525,17,110.0
5719,4228,73,49.0
5726,102536,115,113.0
5733,102538,64,117.0
5740,102540,62,104.0
5747,109933,30,113.0
5754,4248,182,128.0
5761,4248,19,124.0
5768,4269,98,107.0
5775,102576,28,107.0
5782,102586,14,104.0
5789,102586,15,104.0
5796,102587,14,110.0
5803,102587,47,113.0
5810,102588,133,113.0
5817,102588,64,113.0
5824,102595,23,104.0
5831,4294,48,107.0
5838,102604,18,104.0
5845,102604,126,104.0
5852,102604,42,104.0
5859,4301,98,49.0
5866,102613,51,110.0
5873,102613,58,110.0
5880,102613,92,113.0
5887,102613,42,110.0
5894,4312,125,107.0
5901,4312,16,49.0
5908,4312,69,107.0
5915,102622,74,94.0
5922,102622,149,94.0
5929,102623,26,110.0
5936,102623,67,110.0
5943,102629,80,107.0
5950,4330,47,107.0
5957,102644,26,110.0
5964,102644,221,121.0
5971,102649,1,113.0
5978,4351,71,128.0
5985,102660,172,108.0
5992,102660,342,108.0
5999,102670,20,113.0
6006,4383,14,49.0
6013,4387,64,49.0
6020,4390,113,49.0
6027,102698,189,108.0
6034,4399,30,107.0
6041,102705,1,117.0
6048,4402,47,107.0
6055,4404,47,49.0
6062,4406,24,107.0
6069,4408,22,49.0
6076,4418,51,107.0
6083,11660,67,49.0
6090,102734,80,113.0
6097,4433,27,128.0
6104,102743,28,113.0
6111,102753,43,113.0
6118,4455,115,110.0
6125,102766,30,113.0
6132,102774,73,113.0
6139,102780,111,113.0
6146,102782,42,113.0
6153,4483,106,110.0
6160,4483,123,110.0
6167,102790,51,113.0
6174,102794,73,104.0
6181,4499,53,49.0
6188,4499,89,49.0
6195,4510,3,49.0
6202,102819,147,113.0
6209,102819,71,113.0
6216,6214,27,49.0
6223,4524,58,49.0
6230,102834,23,113.0
6237,102839,24,113.0
6244,102847,20,104.0
6251,4550,33,49.0
6258,4550,128,110.0
6265,102857,71,104.0
6272,4556,50,49.0
6279,4560,46,49.0
6286,102867,30,113.0
6293,102881,30,113.0
6300,102887,19,113.0
6307,102887,129,108.0
6314,102887,155,108.0
6321,4584,180,108.0
6328,4584,64,49.0
6335,102891,56,113.0
6342,102891,101,113.0
6349,102892,3,94.0
6356,102893,26,104.0
6363,102893,236,108.0
6370,102897,30,113.0
6377,102897,27,113.0
6384,102917,55,117.0
6391,102917,37,117.0
6398,102917,4,117.0
6405,4614,14,49.0
6412,4614,50,49.0
6419,102927,64,117.0
6426,102929,115,113.0
6433,4632,349,76.0
6440,4632,63,49.0
6447,4632,64,49.0
6454,4632,209,110.0
6461,102937,62,113.0
6468,4636,60,49.0
6475,102941,42,113.0
6482,4642,122,110.0
6489,102956,52,113.0
6496,4655,18,49.0
6503,4655,35,49.0
6510,4656,1,49.0
6517,4660,11,49.0
6524,4660,4,49.0
6531,4661,64,49.0
6538,102968,7,117.0
6545,102972,23,110.0
6552,102974,30,94.0
6559,102975,62,113.0
6566,102978,9,113.0
6573,4675,49,49.0
6580,4675,98,49.0
6587,102980,3,110.0
6594,4683,34,49.0
6601,4683,69,49.0
6608,4695,60,49.0
6615,4696,9,49.0
6622,4699,41,49.0
6629,4699,39,49.0
6636,4699,138,110.0
6643,103005,30,104.0
6650,103008,30,110.0
6657,103014,43,110.0
6664,103015,183,113.0
6671,103017,62,104.0
6678,4716,56,49.0
6685,4716,45,49.0
6692,4716,157,110.0
6699,4716,141,110.0
6706,103026,10,110.0
6713,4724,14,49.0
6720,4725,182,110.0
6727,4725,24,49.0
6734,4725,36,49.0
6741,4725,14,49.0
6748,4725,279,108.0
6755,4731,98,49.0
6762,4732,126,110.0
6769,4732,3,49.0
6776,4732,19,49.0
6783,4738,1,49.0
6790,103045,67,94.0
6797,103052,131,113.0
6804,103052,41,113.0
6811,103057,14,113.0
6818,4755,19,49.0
6825,103061,144,113.0
6832,103068,21,113.0
6839,103068,50,113.0
6846,103074,1,104.0
6853,4797,52,49.0
6860,103104,247,82.0
6867,103104,39,113.0
6874,4802,123,110.0
6881,4806,45,49.0
6888,4810,170,108.0
6895,4811,71,49.0
6902,103123,18,113.0
6909,4820,60,49.0
6916,103129,27,113.0
6923,103131,13,113.0
6930,103131,277,108.0
6937,4829,31,49.0
6944,103138,31,113.0
6951,4840,117,108.0
6958,4840,42,49.0
6965,4840,87,116.0
6972,103145,129,108.0
6979,4843,19,49.0
6986,4847,22,49.0
6993,103154,14,113.0
7000,103163,42,113.0
7007,4860,10,49.0
7014,4861,42,49.0
7021,4862,179,108.0
7028,4862,25,49.0
7035,4862,122,110.0
7042,4862,65,49.0
7049,4862,128,110.0
7056,4863,50,49.0
7063,4866,88,116.0
7070,4877,19,117.0
7077,4877,1,35.0
7084,4881,103,110.0
7091,4881,34,49.0
7098,4881,47,49.0
7105,4881,150,108.0
7112,4885,35,49.0
7119,4885,3,49.0
7126,4885,121,110.0
7133,4885,188,108.0
7140,4890,30,122.0
7147,4890,25,122.0
7154,4890,62,122.0
7161,4890,351,161.0
7168,4890,9,122.0
7175,103196,20,113.0
7182,103201,43,110.0
7189,4900,112,110.0
7196,4902,29,49.0
7203,4902,41,49.0
7210,4904,14,122.0
7217,4914,88,122.0
7224,103228,119,104.0
7231,103232,64,104.0
7238,4932,20,122.0
7245,103242,33,110.0
7252,103255,30,110.0
7259,103261,1,113.0
7266,103262,5,94.0
7273,4968,3,49.0
7280,4969,4,49.0
7287,103277,30,110.0
7294,4974,65,49.0
7301,4975,10,49.0
7308,4978,30,49.0
7315,4980,64,49.0
7322,103286,47,113.0
7329,103287,31,113.0
7336,4988,45,49.0
7343,4994,30,49.0
7350,4996,52,49.0
7357,5001,46,49.0
7364,5003,28,49.0
7371,5004,30,122.0
7378,103311,13,104.0
7385,103311,80,104.0
7392,5009,3,150.0
7399,5012,10,49.0
7406,5029,24,122.0
7413,5029,33,122.0
7420,5031,14,122.0
7427,5036,33,49.0
7434,5046,55,49.0
7441,5046,20,49.0
7448,5046,131,108.0
7455,5046,230,108.0
7462,5046,27,49.0
7469,5048,52,49.0
7476,103354,30,113.0
7483,103355,20,113.0
7490,103355,18,113.0
7497,103357,64,113.0
7504,103360,73,113.0
7511,5057,88,49.0
7518,6305,73,122.0
7525,103369,47,113.0
7532,103386,73,113.0
7539,5084,47,49.0
7546,103397,52,113.0
7553,5096,115,119.0
7560,103405,47,113.0
7567,5110,60,49.0
7574,5112,24,49.0
7581,5114,21,49.0
7588,5121,42,49.0
7595,5124,103,110.0
7602,5124,147,108.0
7609,5124,58,49.0
7616,5124,181,108.0
7623,5124,107,110.0
7630,5124,85,49.0
7637,103429,9,107.0
7644,103430,202,113.0
7651,5134,30,49.0
7658,5134,46,49.0
7665,5136,22,49.0
7672,5136,94,116.0
7679,5136,131,108.0
7686,5136,64,117.0
7693,5136,27,49.0
7700,5136,172,108.0
7707,110375,71,123.0
7714,5138,89,116.0
7721,5138,47,49.0
7728,5138,128,108.0
7735,103452,28,113.0
7742,103456,9,128.0
7749,5157,98,116.0
7756,5161,30,49.0
7763,5161,5,49.0
7770,5171,9,122.0
7777,5171,45,122.0
7784,5171,279,161.0
7791,103483,33,117.0
7798,103489,47,113.0
7805,5196,24,49.0
7812,5206,44,49.0
7819,5206,62,49.0
7826,5206,201,108.0
7833,5206,40,49.0
7840,6330,73,49.0
7847,5214,47,49.0
7854,5215,49,49.0
7861,5215,116,108.0
7868,5215,16,49.0
7875,5216,14,49.0
7882,5225,26,122.0
7889,5225,70,122.0
7896,5225,4,122.0
7903,5225,250,108.0
7910,103543,18,117.0
7917,5246,27,49.0
7924,5248,27,49.0
7931,5257,3,122.0
7938,5261,19,49.0
7945,5261,145,110.0
7952,5261,118,110.0
7959,5261,218,110.0
7966,5261,358,76.0
7973,103573,28,117.0
7980,5274,2,49.0
7987,103580,14,117.0
7994,5279,27,49.0
8001,5293,19,49.0
8008,103623,7,107.0
8015,5325,9,49.0
8022,5325,27,49.0
8029,5333,10,49.0
8036,12180,47,107.0
8043,5353,46,49.0
8050,5359,35,49.0
8057,5364,23,49.0
8064,103675,54,139.0
8071,103676,1,104.0
8078,103676,40,113.0
8085,5374,30,49.0
8092,5374,29,49.0
8099,5374,28,49.0
8106,103679,88,123.0
8113,5384,14,49.0
8120,5386,24,49.0
8127,5389,24,49.0
8134,5389,253,76.0
8141,5389,98,49.0
8148,103694,14,107.0
8155,103699,9,139.0
8162,103699,20,139.0
8169,5399,10,49.0
8176,5400,183,110.0
8183,5400,236,110.0
8190,5401,1,49.0
8197,103709,20,113.0
8204,5408,43,49.0
8211,5409,230,110.0
8218,5409,87,49.0
8225,5410,0,49.0
8232,5420,62,49.0
8239,5421,114,110.0
8246,5421,188,110.0
8253,103737,10,123.0
8260,103737,20,123.0
8267,5439,42,49.0
8274,5444,10,49.0
8281,5445,24,49.0
8288,5453,28,49.0
8295,103760,10,123.0
8302,5458,28,49.0
8309,103767,42,113.0
8316,103768,57,107.0
8323,103774,64,113.0
8330,103777,53,123.0
8337,103786,24,113.0
8344,5491,73,49.0
8351,5493,46,49.0
8358,103801,19,104.0
8365,5498,71,49.0
8372,5500,30,49.0
8379,5500,50,49.0
8386,103807,31,110.0
8393,5505,3,49.0
8400,5507,28,49.0
8407,5514,98,110.0
8414,103829,1,113.0
8421,5528,60,49.0
8428,103840,6,117.0
8435,5540,12,49.0
8442,5540,280,108.0
8449,5540,183,108.0
8456,5540,45,49.0
8463,5540,362,108.0
8470,5540,363,108.0
8477,5540,197,108.0
8484,5541,9,49.0
8491,5541,5,49.0
8498,5544,19,49.0
8505,103850,122,104.0
8512,5555,3,49.0
8519,5566,73,49.0
8526,5568,28,49.0
8533,5641,14,49.0
8540,5577,27,49.0
8547,103886,43,139.0
8554,103888,64,110.0
8561,103892,92,128.0
8568,5594,9,49.0
8575,5594,132,110.0
8582,5602,24,49.0
8589,5613,28,49.0
8596,103920,17,117.0
8603,5621,60,49.0
8610,5621,66,49.0
8617,103926,0,105.0
8624,5624,29,49.0
8631,103931,21,113.0
8638,103931,199,108.0
8645,6400,20,49.0
8652,6400,143,108.0
8659,6400,120,110.0
8666,103938,20,113.0
8673,103939,93,119.0
8680,103944,13,139.0
8687,103944,0,139.0
8694,103944,181,119.0
8701,103944,217,198.0
8708,5644,18,49.0
8715,5648,60,49.0
8722,5652,189,110.0
8729,5652,45,49.0
8736,5656,63,49.0
8743,5658,19,49.0
8750,5659,33,49.0
8757,103964,9,113.0
8764,5661,23,49.0
8771,103973,43,128.0
8778,5672,14,49.0
8785,5677,71,49.0
8792,5678,46,49.0
8799,6408,129,108.0
8806,5682,21,49.0
8813,5682,75,49.0
8820,5684,13,49.0
8827,104713,14,94.0
8834,104713,100,94.0
8841,6411,10,49.0
8848,5701,46,49.0
8855,5711,1,49.0
8862,5713,29,49.0
8869,5714,62,49.0
8876,5721,64,49.0
8883,6416,45,122.0
8890,5747,24,49.0
8897,5753,9,49.0
8904,5756,53,49.0
8911,5756,112,110.0
8918,5760,245,108.0
8925,104072,43,123.0
8932,104077,3,128.0
8939,5776,43,49.0
8946,5779,43,49.0
8953,5787,14,49.0
8960,5787,1,49.0
8967,5788,71,49.0
8974,5792,43,49.0
8981,5794,24,49.0
8988,5794,20,49.0
8995,6427,29,117.0
9002,6427,128,108.0
9009,5801,71,49.0
9016,5812,14,49.0
9023,5812,134,110.0
9030,5812,133,110.0
9037,5812,1,49.0
9044,5812,45,49.0
9051,5812,302,108.0
9058,5812,142,110.0
9065,5812,108,110.0
9072,5812,40,49.0
9079,5816,115,110.0
9086,5816,180,110.0
9093,5816,298,76.0
9100,5816,138,110.0
9107,5816,87,49.0
9114,5826,60,49.0
9121,5827,100,110.0
9128,5838,14,49.0
9135,5841,45,49.0
9142,5846,31,49.0
9149,5859,19,49.0
9156,5863,46,49.0
9163,5863,33,49.0
9170,5865,7,49.0
9177,5865,30,49.0
9184,104177,47,123.0
9191,104179,259,108.0
9198,104179,104,115.0
9205,104179,366,108.0
9212,104179,289,108.0
9219,5883,20,49.0
9226,5887,30,49.0
9233,104194,33,94.0
9240,104204,33,117.0
9247,5905,42,49.0
9254,5909,45,49.0
9261,5919,45,49.0
9268,5921,64,49.0
9275,104228,33,123.0
9282,110214,26,113.0
9289,110214,355,82.0
9296,110214,369,108.0
9303,110214,373,108.0
9310,110214,376,108.0
9317,110214,381,108.0
9324,104230,132,128.0
9331,104241,33,139.0
9338,5939,42,49.0
9345,5944,28,49.0
9352,5951,14,49.0
9359,5960,28,49.0
9366,5965,55,49.0
9373,5965,20,49.0
9380,5965,382,108.0
9387,5965,137,108.0
9394,5965,31,49.0
9401,5965,168,108.0
9408,5965,273,108.0
9415,5965,163,108.0
9422,5967,46,49.0
9429,5974,49,49.0
9436,5974,62,49.0
9443,5974,3,49.0
9450,5974,138,108.0
9457,5975,9,49.0
9464,5975,62,49.0
9471,5975,279,108.0
9478,5976,42,49.0
9485,5978,126,108.0
9492,5978,135,108.0
9499,5978,114,108.0
9506,5978,42,117.0
9513,5978,128,108.0
9520,5990,64,49.0
9527,5999,52,49.0
9534,6002,73,49.0
9541,6021,24,49.0
9548,6022,60,49.0
9555,104346,31,123.0
9562,6050,46,49.0
9569,6052,19,49.0
9576,6053,73,117.0
9583,6056,147,108.0
9590,6056,354,108.0
9597,6056,186,108.0
9604,6058,0,49.0
9611,6064,3,49.0
9618,6066,23,122.0
9625,6071,51,49.0
9632,6071,3,49.0
9639,6074,62,122.0
9646,6075,27,122.0
9653,6077,129,119.0
9660,6079,98,110.0
9667,6081,43,122.0
9674,6082,129,119.0
9681,6082,115,119.0
9688,6083,43,49.0
9695,6094,123,108.0
9702,6097,43,49.0
9709,6103,96,110.0
9716,6103,9,49.0
9723,6103,11,49.0
9730,6103,253,108.0
9737,6103,50,49.0
9744,6108,3,49.0
9751,6118,112,119.0
9758,6118,58,122.0
9765,6118,64,122.0
9772,6120,45,122.0
9779,104435,62,104.0
9786,6133,18,139.0
9793,6145,23,122.0
9800,6145,115,119.0
9807,6148,45,117.0
9814,6161,30,150.0
9821,6176,21,122.0
9828,6176,91,122.0
9835,6182,71,116.0
9842,6184,45,49.0
9849,6188,62,49.0
9856,6188,94,49.0
9863,6199,13,49.0
9870,6199,4,49.0
9877,6199,279,108.0
9884,6200,104,116.0
9891,6200,36,49.0
9898,6200,130,108.0
9905,6200,150,108.0
9912,6216,73,49.0
9919,6223,19,49.0
9926,6223,3,49.0
9933,6225,14,49.0
9940,6225,107,110.0
9947,6499,18,49.0
9954,6230,52,49.0
9961,6230,43,49.0
9968,104536,20,117.0
9975,6237,24,49.0
9982,6243,3,122.0
9989,6247,61,49.0
9996,6247,198,108.0
10003,6247,92,49.0
10010,6247,30,49.0
10017,6247,5,49.0
10024,6247,42,49.0
10031,104569,73,139.0
10038,6506,72,116.0
10045,6506,92,116.0
10052,6506,279,108.0
10059,6271,50,49.0
10066,6277,28,49.0
10073,6283,43,49.0
10080,6284,45,49.0
10087,6284,128,108.0
10094,6286,99,110.0
10101,6290,25,122.0
10108,6290,185,119.0
10115,6290,86,122.0
10122,6296,42,49.0
10129,6300,43,49.0
10136,6306,45,117.0
10143,6310,9,122.0
10150,6312,18,49.0
10157,6313,247,108.0
10164,6316,20,49.0
10171,6319,28,122.0
10178,6320,46,122.0
10185,6323,73,117.0
10192,6323,26,117.0
10199,6326,19,49.0
10206,6326,31,49.0
10213,6327,129,108.0
10220,6327,31,49.0
10227,104632,33,113.0
10234,104632,15,113.0
10241,6516,33,49.0
10248,104634,9,104.0
10255,6331,132,110.0
10262,6334,22,139.0
10269,6337,45,122.0
10276,6518,30,49.0
10283,104654,10,110.0
10290,104663,24,113.0
10297,6364,28,49.0
10304,6522,30,49.0
10311,6522,88,116.0
10318,6375,20,49.0
10325,6381,23,122.0
10332,6383,61,116.0
10339,6383,25,49.0
10346,6383,91,116.0
10353,6383,46,49.0
10360,6383,186,108.0
10367,6383,85,116.0
10374,6383,128,108.0
10381,104691,18,110.0
10388,104691,119,121.0
10395,6388,52,49.0
10402,6388,45,49.0
10409,6388,100,110.0
10416,6389,42,49.0
10423,6393,14,49.0
10430,6393,60,116.0
10437,6393,47,117.0
10444,104698,24,117.0
10451,104700,33,104.0
10458,104700,143,104.0
10465,104700,31,104.0
10472,104702,9,104.0
10479,104707,31,110.0
10486,6406,115,108.0
10493,104712,47,113.0
10500,6413,30,49.0
10507,6417,64,49.0
10514,6424,62,49.0
10521,6426,42,49.0
10528,6428,20,49.0
10535,6428,62,49.0
10542,6428,230,108.0
10549,6428,342,108.0
10556,6429,280,108.0
10563,6429,71,49.0
10570,6429,90,49.0
10577,6429,82,49.0
10584,6429,220,108.0
10591,6429,277,108.0
10598,6429,365,108.0
10605,104736,42,113.0
10612,6436,30,122.0
10619,6436,46,122.0
10626,6436,48,122.0
10633,6534,47,49.0
10640,104743,20,110.0
10647,104746,20,110.0
10654,6448,24,49.0
10661,6454,30,49.0
10668,6465,54,49.0
10675,104770,20,117.0
10682,104774,10,110.0
10689,110307,22,113.0
10696,104788,9,107.0
10703,104791,143,113.0
10710,104791,205,108.0
10717,104791,121,113.0
10724,6497,9,122.0
10731,6498,33,139.0
10738,6498,45,139.0
10745,6498,27,139.0
10752,6500,30,49.0
10759,104805,54,113.0
10766,6502,71,49.0
10773,104810,28,113.0
10780,6509,3,49.0
10787,6510,63,49.0
10794,6510,15,49.0
10801,6511,62,49.0
10808,104817,192,108.0
10815,104820,0,113.0
10822,104822,132,108.0
10829,104825,43,113.0
10836,104827,19,113.0
10843,6525,47,49.0
10850,6526,21,49.0
10857,6526,6,49.0
10864,6526,148,108.0
10871,6526,91,116.0
10878,6526,105,116.0
10885,6526,357,108.0
10892,6526,67,116.0
10899,6526,128,108.0
10906,6529,64,49.0
10913,6531,62,49.0
10920,104844,42,117.0
10927,104851,62,113.0
10934,6550,46,49.0
10941,6561,0,49.0
10948,6561,48,49.0
10955,6555,24,49.0
10962,6566,30,122.0
10969,6567,129,108.0
10976,6567,201,108.0
10983,6571,75,122.0
10990,6573,28,117.0
10997,104879,23,104.0
11004,6576,46,49.0
11011,12019,20,49.0
11018,6582,23,49.0
11025,6582,58,49.0
11032,6582,145,108.0
11039,104887,49,117.0
11046,104888,20,110.0
11053,6588,71,122.0
11060,6589,28,49.0
11067,6593,24,49.0
11074,6593,153,108.0
11081,6593,14,49.0
11088,6593,114,108.0
11095,6593,348,108.0
11102,6593,168,108.0
11109,6593,272,108.0
11116,104898,33,110.0
11123,6599,45,49.0
11130,104905,51,113.0
11137,104905,43,113.0
11144,104906,44,117.0
11151,6605,9,49.0
11158,6607,33,49.0
11165,6609,23,49.0
11172,104916,19,110.0
11179,6616,31,122.0
11186,104931,28,113.0
11193,104943,51,104.0
11200,104943,98,113.0
11207,110334,14,113.0
11214,110334,9,113.0
11221,104952,52,113.0
11228,104953,6,110.0
11235,104953,16,110.0
11242,104955,23,110.0
11249,6663,20,49.0
11256,6668,46,49.0
11263,6669,112,108.0
11270,104975,10,94.0
11277,6674,27,49.0
11284,6675,123,110.0
11291,6679,73,49.0
11298,6682,114,108.0
11305,6685,54,49.0
11312,6686,10,49.0
11319,104991,142,82.0
11326,6688,98,110.0
11333,6689,46,49.0
11340,12225,24,49.0
11347,6692,42,49.0
11354,6696,71,122.0
11361,6698,18,49.0
11368,6698,63,49.0
11375,6699,19,49.0
11382,6700,26,49.0
11389,6702,20,49.0
11396,105008,19,113.0
11403,6706,71,117.0
11410,6579,26,49.0
11417,6708,19,49.0
11424,6709,9,122.0
11431,6710,30,49.0
11438,6714,54,117.0
11445,6715,43,117.0
11452,6716,42,122.0
11459,105025,25,113.0
11466,105025,137,113.0
11473,6723,14,49.0
11480,6723,64,49.0
11487,105029,113,121.0
11494,105031,3,113.0
11501,6583,64,49.0
11508,6732,61,49.0
11515,6732,230,108.0
11522,6732,150,108.0
11529,6733,57,122.0
11536,6733,88,122.0
11543,105043,73,110.0
11550,6743,89,116.0
11557,6743,63,116.0
11564,6743,47,49.0
11571,6743,99,116.0
11578,6749,52,49.0
11585,6749,72,49.0
11592,105057,122,108.0
11599,6754,46,122.0
11606,105067,43,113.0
11613,6768,30,49.0
11620,105077,71,113.0
11627,105083,19,113.0
11634,6781,9,49.0
11641,6781,106,110.0
11648,6781,188,110.0
11655,6793,24,49.0
11662,105098,14,113.0
11669,6796,42,49.0
11676,6797,156,110.0
11683,105105,19,110.0
11690,105110,30,110.0
11697,105113,119,113.0
11704,105127,47,104.0
11711,105130,148,108.0
11718,105130,247,108.0
11725,105130,123,108.0
11732,105133,47,113.0
11739,105134,1,104.0
11746,105134,50,104.0
11753,105136,119,113.0
11760,105137,15,113.0
11767,105139,28,113.0
11774,6838,100,110.0
11781,6838,42,49.0
11788,6839,57,49.0
11795,6839,188,108.0
11802,105148,147,113.0
11809,105153,132,113.0
11816,105153,31,94.0
11823,105161,20,113.0
11830,6860,3,49.0
11837,105175,42,117.0
11844,6878,60,49.0
11851,6882,111,110.0
11858,105189,10,123.0
11865,6890,133,110.0
11872,6890,60,49.0
11879,6890,233,110.0
11886,6890,27,49.0
11893,6890,87,49.0
11900,6895,183,108.0
11907,6895,64,49.0
11914,105217,19,113.0
11921,6922,42,49.0
11928,105232,3,123.0
11935,6931,35,49.0
11942,105238,20,113.0
11949,105245,20,113.0
11956,6946,35,49.0
11963,6951,20,49.0
11970,6969,24,49.0
11977,6974,61,49.0
11984,6974,91,49.0
11991,6974,200,108.0
11998,6974,68,49.0
12005,6979,29,49.0
12012,104929,17,113.0
12019,105296,22,117.0
12026,105296,149,108.0
12033,105296,296,108.0
12040,105314,20,117.0
12047,105314,136,108.0
12054,105314,64,117.0
12061,105314,50,117.0
12068,7014,51,49.0
12075,105319,111,115.0
12082,7017,27,49.0
12089,7022,60,122.0
12096,105338,9,110.0
12103,7038,28,122.0
12110,105348,10,113.0
12117,105351,91,110.0
12124,7048,3,150.0
12131,105369,28,113.0
12138,7066,31,49.0
12145,7069,20,49.0
12152,7074,24,49.0
12159,7083,52,49.0
12166,7093,9,122.0
12173,105406,6,110.0
12180,6645,24,139.0
12187,105410,119,110.0
12194,105414,21,113.0
12201,105414,131,113.0
12208,7111,30,49.0
12215,7119,52,49.0
12222,7119,43,49.0
12229,7124,3,49.0
12236,7125,89,116.0
12243,7125,63,116.0
12250,7125,253,108.0
12257,7125,277,108.0
12264,7125,128,108.0
12271,7127,24,122.0
12278,7129,53,117.0
12285,105436,42,113.0
12292,105446,98,113.0
12299,104956,20,113.0
12306,104956,166,108.0
12313,104956,150,113.0
12320,7150,29,122.0
12327,7159,29,49.0
12334,7160,71,116.0
12341,7163,9,49.0
12348,7166,54,49.0
12355,7166,72,116.0
12362,7169,24,49.0
12369,105478,20,110.0
12376,7176,44,49.0
12383,7176,29,49.0
12390,7176,64,49.0
12397,7178,30,49.0
12404,7178,42,49.0
12411,7180,3,49.0
12418,7183,35,49.0
12425,105492,44,110.0
12432,105503,18,110.0
12439,7212,45,122.0
12446,7217,54,49.0
12453,7218,9,49.0
12460,7218,122,108.0
12467,7224,33,49.0
12474,7226,60,49.0
12481,110431,14,113.0
12488,7230,23,49.0
12495,7232,60,49.0
12502,7234,59,122.0
12509,7234,27,122.0
12516,105544,73,113.0
12523,110435,119,121.0
12530,7252,71,49.0
12537,7252,46,49.0
12544,7256,52,49.0
12551,7261,14,49.0
12558,7269,6,49.0
12565,7269,78,49.0
12572,7271,28,49.0
12579,7278,395,108.0
12586,7278,42,49.0
12593,7281,3,139.0
12600,7300,14,49.0
12607,7302,62,49.0
12614,7310,19,49.0
12621,12142,18,49.0
12628,105622,88,113.0
12635,110448,30,123.0
12642,7332,230,108.0
12649,7348,19,139.0
12656,7349,119,108.0
12663,105678,9,93.0
12670,105704,33,113.0
12677,105704,1,113.0
12684,110460,19,117.0
12691,105706,247,82.0
12698,105710,33,110.0
12705,105728,51,110.0
12712,7434,33,49.0
12719,110467,62,113.0
12726,110468,129,108.0
12733,105761,28,113.0
12740,110471,170,108.0
12747,105787,21,113.0
12754,110476,44,104.0
12761,7498,89,107.0
12768,7498,27,49.0
12775,7499,47,49.0
12782,105017,30,113.0
12789,7523,28,49.0
12796,7524,45,49.0
12803,7529,245,96.0
12810,7535,90,49.0
12817,7535,277,108.0
12824,105855,88,110.0
12831,105858,270,108.0
12838,105876,20,110.0
12845,6731,24,122.0
12852,105925,64,113.0
12859,110500,64,113.0
12866,105948,14,93.0
12873,105957,3,110.0
12880,110504,62,104.0
12887,106003,19,110.0
12894,7717,73,49.0
12901,105054,20,110.0
12908,106060,124,93.0
12915,106076,42,110.0
12922,106079,47,110.0
12929,106080,101,110.0
12936,106097,18,113.0
12943,106114,43,113.0
12950,106129,3,104.0
12957,106146,119,93.0
12964,106160,21,110.0
12971,7864,77,107.0
12978,7864,248,-140.0
12985,7864,63,107.0
12992,7864,79,107.0
12999,7864,107,128.0
13006,7864,270,-140.0
13013,7864,99,128.0
13020,106192,3,110.0
13027,105011,21,113.0
13034,105011,92,113.0
13041,105011,172,113.0
13048,105011,333,108.0
13055,7893,88,107.0
13062,106202,24,110.0
13069,106203,55,113.0
13076,106205,27,110.0
13083,106213,9,110.0
13090,106222,33,110.0
13097,106226,28,113.0
13104,106235,182,108.0
13111,106235,115,113.0
13118,106246,14,93.0
13125,106253,64,94.0
13132,106261,49,94.0
13139,106261,114,94.0
13146,7963,9,49.0
13153,7972,113,49.0
13160,12253,52,49.0
13167,12253,116,110.0
13174,106298,73,113.0
13181,106303,42,110.0
13188,8004,1,49.0
13195,8004,250,-87.0
13202,106315,9,113.0
13209,106316,43,113.0
13216,106318,64,113.0
13223,106323,35,110.0
13230,106323,121,113.0
13237,106325,33,113.0
13244,106328,3,113.0
13251,106335,26,113.0
13258,106341,0,93.0
13265,8042,164,-87.0
13272,106347,22,110.0
13279,106347,1,110.0
13286,106347,166,121.0
13293,106349,43,113.0
13300,106351,27,113.0
13307,106356,9,113.0
13314,106360,3,110.0
13321,106366,33,110.0
13328,106366,42,110.0
13335,106368,91,113.0
13342,6806,24,49.0
13349,8081,53,107.0
13356,106386,0,110.0
13363,106392,71,113.0
13370,106394,88,110.0
13377,106399,21,113.0
13384,106399,201,113.0
13391,8098,9,49.0
13398,8098,43,49.0
13405,8100,28,49.0
13412,8105,31,107.0
13419,106418,33,110.0
13426,106418,118,113.0
13433,106418,20,110.0
13440,8119,16,49.0
13447,8119,248,-87.0
13454,8119,34,49.0
13461,8119,45,49.0
13468,8119,39,49.0
13475,8119,9,49.0
13482,8119,8,49.0
13489,106430,54,113.0
13496,106433,62,110.0
13503,8134,130,107.0
13510,106449,52,113.0
13517,106455,9,113.0
13524,8154,18,128.0
13531,106460,98,94.0
13538,106476,3,113.0
13545,106480,30,113.0
13552,106481,122,113.0
13559,106485,43,104.0
13566,106491,9,110.0
13573,106494,30,113.0
13580,106497,10,110.0
13587,8197,51,49.0
13594,106502,19,113.0
13601,106502,116,113.0
13608,106510,74,113.0
13615,106510,203,113.0
13622,106510,397,108.0
13629,8216,179,87.0
13636,8216,30,49.0
13643,8224,23,49.0
13650,106533,18,113.0
13657,106534,13,104.0
13664,106534,101,113.0
13671,106534,83,113.0
13678,106543,18,94.0
13685,106548,3,113.0
13692,106553,22,113.0
13699,106553,62,113.0
13706,106557,67,113.0
13713,8261,52,49.0
13720,106572,23,110.0
13727,106584,43,113.0
13734,8283,30,49.0
13741,106600,54,113.0
13748,106606,52,113.0
13755,106608,14,113.0
13762,8309,50,49.0
13769,106616,29,110.0
13776,8315,51,49.0
13783,8320,28,49.0
13790,106632,9,94.0
13797,6851,51,49.0
13804,106648,22,113.0
13811,8352,47,49.0
13818,8362,31,49.0
13825,105027,0,110.0
13832,105027,5,110.0
13839,8376,30,49.0
13846,106689,14,113.0
13853,8387,10,49.0
13860,8387,8,49.0
13867,8395,180,96.0
13874,8395,312,96.0
13881,8399,42,49.0
13888,6862,60,49.0
13895,106710,33,113.0
13902,106711,181,119.0
13909,8409,13,49.0
13916,8409,90,49.0
13923,8409,51,49.0
13930,8420,51,49.0
13937,8424,91,49.0
13944,8428,14,49.0
13951,106748,30,113.0
13958,8450,73,49.0
13965,8457,73,49.0
13972,8466,56,49.0
13979,8472,26,49.0
13986,8472,48,49.0
13993,8476,48,49.0
14000,6874,70,49.0
14007,6874,47,49.0
14014,8486,17,49.0
14021,106797,64,113.0
14028,106806,19,104.0
14035,106811,0,113.0
14042,8510,52,49.0
14049,8510,42,49.0
14056,106815,1,113.0
14063,8516,164,87.0
14070,106827,131,107.0
14077,8531,10,49.0
14084,8534,122,49.0
14091,8548,3,49.0
14098,106859,14,113.0
14105,106859,62,113.0
14112,106859,68,113.0
14119,8562,244,87.0
14126,8562,151,87.0
14133,106871,73,117.0
14140,106872,0,113.0
14147,106872,110,113.0
14154,106872,290,108.0
14161,106874,30,113.0
14168,106874,3,113.0
14175,106881,46,123.0
14182,8578,64,49.0
14189,8588,58,49.0
14196,8588,8,49.0
14203,8601,33,49.0
14210,8602,3,49.0
14217,8610,132,49.0
14224,106920,125,119.0
14231,106920,5,123.0
14238,8620,51,49.0
14245,8620,46,49.0
14252,8620,69,107.0
14259,8634,52,49.0
14266,106940,3,113.0
14273,106950,31,117.0
14280,106975,19,113.0
14287,8673,122,107.0
14294,106982,20,113.0
14301,8686,62,49.0
14308,106993,71,117.0
14315,8699,3,49.0
14322,8701,64,107.0
14329,107011,233,119.0
14336,107011,207,119.0
14343,107012,47,117.0
14350,8719,31,49.0
14357,107029,28,117.0
14364,107029,40,117.0
14371,105024,10,104.0
14378,8738,42,107.0
14385,8740,57,49.0
14392,8740,7,49.0
14399,8740,84,107.0
14406,107050,18,117.0
14413,107055,27,113.0
14420,8767,33,49.0
14427,8781,244,-140.0
14434,8783,9,49.0
14441,8783,43,49.0
14448,8783,41,49.0
14455,8783,62,49.0
14462,8783,8,49.0
14469,107094,71,113.0
14476,8795,18,49.0
14483,8796,30,49.0
14490,8796,76,49.0
14497,8803,18,49.0
14504,8810,14,49.0
14511,12391,71,49.0
14518,6933,52,49.0
14525,107137,54,117.0
14532,107137,46,117.0
14539,8852,49,49.0
14546,8859,46,49.0
14553,8868,30,107.0
14560,107179,19,117.0
14567,107180,111,108.0
14574,8890,244,96.0
14581,107198,19,117.0
14588,107202,71,117.0
14595,107202,121,108.0
14602,107207,112,108.0
14609,8923,55,49.0
14616,8923,35,49.0
14623,8923,281,87.0
14630,8923,283,87.0
14637,107232,0,113.0
14644,8932,94,49.0
14651,8932,200,87.0
14658,8932,290,87.0
14665,8933,56,49.0
14672,8933,131,49.0
14679,8933,124,49.0
14686,107244,3,117.0
14693,8947,42,49.0
14700,107257,22,104.0
14707,107257,36,104.0
14714,8961,10,49.0
14721,8964,348,-70.0
14728,107273,27,123.0
14735,8971,14,49.0
14742,107281,1,110.0
14749,8980,70,107.0
14756,107286,43,113.0
14763,8987,89,49.0
14770,8987,247,-87.0
14777,8987,3,49.0
14784,8987,64,49.0
14791,107292,43,110.0
14798,8993,43,49.0
14805,107299,91,104.0
14812,107301,13,117.0
14819,8998,54,49.0
14826,107307,73,104.0
14833,107307,11,104.0
14840,107308,19,117.0
14847,107311,76,113.0
14854,107320,20,113.0
14861,9021,72,49.0
14868,9027,111,49.0
14875,9027,31,49.0
14882,107336,73,113.0
14889,107339,72,104.0
14896,107339,201,108.0
14903,107340,28,107.0
14910,107344,72,104.0
14917,107344,101,104.0
14924,107350,73,117.0
14931,107355,26,113.0
14938,9056,33,49.0
14945,9062,51,49.0
14952,9066,43,49.0
14959,9069,42,49.0
14966,107378,149,94.0
14973,107378,296,-101.0
14980,9076,47,49.0
14987,9084,43,49.0
14994,107391,98,117.0
15001,107392,132,108.0
15008,107392,1,104.0
15015,107393,88,117.0
15022,9100,179,87.0
15029,9100,91,49.0
15036,9100,142,49.0
15043,107405,131,108.0
15050,107405,40,113.0
15057,107409,17,117.0
15064,107415,26,113.0
15071,9113,42,49.0
15078,9116,43,49.0
15085,9118,90,49.0
15092,9123,33,49.0
15099,9125,73,49.0
15106,9138,73,49.0
15113,107447,5,117.0
15120,9145,3,49.0
15127,9147,11,49.0
15134,9154,59,49.0
15141,9154,133,49.0
15148,9154,193,87.0
15155,9154,243,87.0
15162,9154,293,87.0
15169,9161,59,49.0
15176,9161,91,49.0
15183,9161,101,49.0
15190,107471,23,104.0
15197,9169,22,49.0
15204,9169,5,49.0
15211,9171,46,49.0
15218,107476,43,113.0
15225,107488,28,113.0
15232,107488,39,113.0
15239,107490,18,117.0
15246,107495,23,113.0
15253,107500,22,110.0
15260,107505,132,108.0
15267,107508,28,113.0
15274,9208,28,49.0
15281,9213,28,49.0
15288,9217,42,49.0
15295,9220,93,49.0
15302,9221,48,49.0
15309,107530,129,113.0
15316,9227,42,49.0
15323,9234,97,49.0
15330,9235,31,49.0
15337,107549,92,113.0
15344,9256,43,107.0
15351,9276,9,49.0
15358,9278,1,49.0
15365,9280,9,49.0
15372,9284,13,49.0
15379,9284,62,49.0
15386,9284,88,49.0
15393,9286,64,49.0
15400,9290,71,49.0
15407,107601,30,117.0
15414,9299,113,107.0
15421,9301,244,96.0
15428,9301,122,96.0
15435,9306,9,49.0
15442,9313,43,107.0
15449,9319,164,96.0
15456,9319,122,96.0
15463,9319,66,49.0
15470,9322,90,107.0
15477,107646,30,113.0
15484,9343,30,49.0
15491,9344,62,49.0
15498,9360,18,49.0
15505,9360,52,49.0
15512,9360,151,96.0
15519,9360,47,49.0
15526,107671,47,117.0
15533,7023,45,49.0
15540,9373,33,49.0
15547,107687,42,110.0
15554,107688,46,113.0
15561,107691,62,107.0
15568,107692,122,119.0
15575,9396,11,107.0
15582,9400,43,107.0
15589,9405,28,49.0
15596,9409,3,49.0
15603,9411,49,49.0
15610,9411,181,96.0
15617,9411,50,49.0
15624,107716,33,117.0
15631,107716,182,119.0
15638,9413,97,100.0
15645,9414,14,49.0
15652,9427,21,49.0
15659,9427,116,107.0
15666,9429,164,96.0
15673,9435,28,107.0
15680,9445,80,107.0
15687,9445,142,107.0
15694,9451,27,49.0
15701,107760,20,104.0
15708,107771,14,123.0
15715,9485,9,49.0
15722,9486,18,49.0
15729,9486,1,49.0
15736,9486,132,96.0
15743,9488,244,96.0
15750,9496,30,49.0
15757,9511,9,107.0
15764,9519,46,107.0
15771,9523,28,107.0
15778,9523,151,107.0
15785,9523,277,-140.0
15792,107830,9,113.0
15799,9535,59,49.0
15806,107843,73,113.0
15813,9546,64,49.0
15820,107859,22,113.0
15827,107861,43,128.0
15834,107868,71,94.0
15841,107879,43,113.0
15848,107888,72,113.0
15855,107890,18,113.0
15862,107890,79,113.0
15869,107890,109,113.0
15876,107910,30,113.0
15883,107910,1,113.0
15890,107918,47,110.0
15897,107925,71,113.0
15904,9624,151,-87.0
15911,107929,3,104.0
15918,107938,62,113.0
15925,107943,20,113.0
15932,107954,53,113.0
15939,107955,122,104.0
15946,107959,55,113.0
15953,107959,114,113.0
15960,107959,124,113.0
15967,9660,10,49.0
15974,107972,9,117.0
15981,9677,64,100.0
15988,107984,96,113.0
15995,107984,181,113.0
16002,107984,191,113.0
16009,107991,31,110.0
16016,108010,54,113.0
16023,108011,28,113.0
16030,108016,9,110.0
16037,108016,64,113.0
16044,108027,3,110.0
16051,9733,73,49.0
16058,9739,33,49.0
16065,9741,27,49.0
16072,9760,252,76.0
16079,9761,43,49.0
16086,9775,23,49.0
16093,9775,31,49.0
16100,108082,31,113.0
16107,108086,98,117.0
16114,108087,119,113.0
16121,108088,5,113.0
16128,9790,164,108.0
16135,108097,134,113.0
16142,108098,98,113.0
16149,108110,72,113.0
16156,108113,23,117.0
16163,108118,1,94.0
16170,108133,88,108.0
16177,108142,64,113.0
16184,7102,21,49.0
16191,7102,192,108.0
16198,108156,19,113.0
16205,108156,134,108.0
16212,108156,114,113.0
16219,12565,23,49.0
16226,7105,24,49.0
16233,7105,47,49.0
16240,108172,129,104.0
16247,108172,80,104.0
16254,9870,53,49.0
16261,9870,100,49.0
16268,108179,28,117.0
16275,9900,252,108.0
16282,9900,33,49.0
16289,108206,142,108.0
16296,9917,164,108.0
16303,9929,252,108.0
16310,9929,31,49.0
16317,9932,151,110.0
16324,9932,115,49.0
16331,108246,12,123.0
16338,9954,47,49.0
16345,108261,96,108.0
16352,108261,356,108.0
16359,12583,20,49.0
16366,12583,35,49.0
16373,12583,132,110.0
16380,9967,396,108.0
16387,9967,131,108.0
16394,9972,45,49.0
16401,108284,37,117.0
16408,9987,31,49.0
16415,10002,30,49.0
16422,108308,27,117.0
16429,108316,64,117.0
16436,108317,46,117.0
16443,10018,40,49.0
16450,10020,73,49.0
16457,108335,30,123.0
16464,108336,27,113.0
16471,10035,45,107.0
16478,10035,8,107.0
16485,108351,112,113.0
16492,108351,134,113.0
16499,108351,50,113.0
16506,10052,40,49.0
16513,108370,153,108.0
16520,10070,45,49.0
16527,108377,231,108.0
16534,108377,101,113.0
16541,108381,30,117.0
16548,108404,62,117.0
16555,108406,64,113.0
16562,108408,10,117.0
16569,108411,42,113.0
16576,10113,396,108.0
16583,10129,46,49.0
16590,108438,20,113.0
16597,10141,3,49.0
16604,10151,61,107.0
16611,10157,14,49.0
16618,10160,396,76.0
16625,10160,97,49.0
16632,108473,96,94.0
16639,108473,180,82.0
16646,108473,256,82.0
16653,10171,58,49.0
16660,10183,14,49.0
16667,10183,0,49.0
16674,10183,42,49.0
16681,10184,23,49.0
16688,108491,24,104.0
16695,10192,9,49.0
16702,108497,70,113.0
16709,10195,14,49.0
16716,10198,48,49.0
16723,108522,64,113.0
16730,108526,64,113.0
16737,10225,51,49.0
16744,7168,52,49.0
16751,110934,22,117.0
16758,10247,9,49.0
16765,10258,9,49.0
16772,10262,111,49.0
16779,10262,10,49.0
16786,10262,297,87.0
16793,10267,115,49.0
16800,10267,148,49.0
16807,10267,119,49.0
16814,10267,43,49.0
16821,108579,52,113.0
16828,108584,37,110.0
16835,108584,110,113.0
16842,108587,43,113.0
16849,10284,36,49.0
16856,10284,121,49.0
16863,10288,164,87.0
16870,108599,71,113.0
16877,108601,27,113.0
16884,10300,42,49.0
16891,10308,3,49.0
16898,108620,71,113.0
16905,108621,31,113.0
16912,10319,0,49.0
16919,10319,46,49.0
16926,10319,84,49.0
16933,10319,381,108.0
16940,108626,47,104.0
16947,108628,92,113.0
16954,108633,51,113.0
16961,10334,73,49.0
16968,10337,179,87.0
16975,10337,7,49.0
16982,10337,101,49.0
16989,10337,87,49.0
16996,10349,3,49.0
17003,10352,51,49.0
17010,10352,1,49.0
17017,10352,101,49.0
17024,10352,8,49.0
17031,108668,111,113.0
17038,10368,9,49.0
17045,108674,62,110.0
17052,108678,22,113.0
17059,10379,321,87.0
17066,10379,80,49.0
17073,10379,405,108.0
17080,108688,3,113.0
17087,108694,20,113.0
17094,108694,132,113.0
17101,10392,164,110.0
17108,10394,30,49.0
17115,10400,254,108.0
17122,10400,169,86.0
17129,108714,20,113.0
17136,10411,45,49.0
17143,10415,111,49.0
17150,10415,280,87.0
17157,10415,402,76.0
17164,10418,179,108.0
17171,10418,28,49.0
17178,10418,57,49.0
17185,10420,9,49.0
17192,108726,43,104.0
17199,10428,46,49.0
17206,10441,14,107.0
17213,10442,12,49.0
17220,10442,345,108.0
17227,10442,227,108.0
17234,108755,9,113.0
17241,108762,88,113.0
17248,108770,71,113.0
17255,108771,20,117.0
17262,108775,28,113.0
17269,10475,74,107.0
17276,10475,73,107.0
17283,10475,110,107.0
17290,108782,28,104.0
17297,108783,20,113.0
17304,108784,71,113.0
17311,108784,106,113.0
17318,10483,52,49.0
17325,10490,248,108.0
17332,10490,83,49.0
17339,10491,30,49.0
17346,10494,13,49.0
17353,10494,33,49.0
17360,10494,41,49.0
17367,108799,111,108.0
17374,108799,183,108.0
17381,108799,166,108.0
17388,108805,179,108.0
17395,108805,64,104.0
17402,108805,288,108.0
17409,10504,164,86.0
17416,10504,100,49.0
17423,10504,272,108.0
17430,10509,42,49.0
17437,108820,24,113.0
17444,10520,54,49.0
17451,10520,11,49.0
17458,10520,119,107.0
17465,10520,48,49.0
17472,10521,73,49.0
17479,10521,396,108.0
17486,10521,1,49.0
17493,10521,88,49.0
17500,10525,44,49.0
17507,10525,362,108.0
17514,10527,14,49.0
17521,10527,255,108.0
17528,10529,52,49.0
17535,10533,14,107.0
17542,10534,0,49.0
17549,10539,246,108.0
17556,10539,181,108.0
17563,10539,201,108.0
17570,10546,151,87.0
17577,108852,0,117.0
17584,10554,9,49.0
17591,10561,9,49.0
17598,10561,91,49.0
17605,10563,9,49.0
17612,10567,9,49.0
17619,108876,415,108.0
17626,108876,218,108.0
17633,108876,159,108.0
17640,108876,43,104.0
17647,108876,422,108.0
17654,108879,1,110.0
17661,10578,54,107.0
17668,10579,10,49.0
17675,10579,164,87.0
17682,10591,10,49.0
17689,108899,47,117.0
17696,10601,51,49.0
17703,10602,10,49.0
17710,10613,89,107.0
17717,108924,33,113.0
17724,108924,126,108.0
17731,108924,121,108.0
17738,10629,54,49.0
17745,10629,42,49.0
17752,108936,57,117.0
17759,10635,76,49.0
17766,10635,4,49.0
17773,10636,51,107.0
17780,10641,243,108.0
17787,10644,51,107.0
17794,10645,9,49.0
17801,10648,50,107.0
17808,10652,119,49.0
17815,108962,1,35.0
17822,10665,64,107.0
17829,108976,42,104.0
17836,10683,33,49.0
17843,10689,18,49.0
17850,10689,64,107.0
17857,10690,164,86.0
17864,10709,243,108.0
17871,10716,92,107.0
17878,10716,84,107.0
17885,10719,22,107.0
17892,10719,8,107.0
17899,10720,43,107.0
17906,109036,30,104.0
17913,109044,27,113.0
17920,10752,27,49.0
17927,10756,247,76.0
17934,109061,123,113.0
17941,10760,16,49.0
17948,10767,9,49.0
17955,10769,9,49.0
17962,10772,23,49.0
17969,10772,66,49.0
17976,10777,60,49.0
17983,109082,72,113.0
17990,109086,98,113.0
17997,10795,73,49.0
18004,109103,1,113.0
18011,109113,62,104.0
18018,10811,4,107.0
18025,10812,115,122.0
18032,109117,115,113.0
18039,109123,20,113.0
18046,109128,51,113.0
18053,10837,44,49.0
18060,10845,64,49.0
18067,10846,129,110.0
18074,10846,48,49.0
18081,109153,46,113.0
18088,10850,115,110.0
18095,10850,361,108.0
18102,10851,28,49.0
18109,109156,31,110.0
18116,10860,73,49.0
18123,10861,20,49.0
18130,10861,102,110.0
18137,10867,22,49.0
18144,109177,51,113.0
18151,109181,0,110.0
18158,10890,14,49.0
18165,10890,1,49.0
18172,10896,28,49.0
18179,10913,145,110.0
18186,109226,346,108.0
18193,109230,23,113.0
18200,10930,30,49.0
18207,109237,115,121.0
18214,109242,116,113.0
18221,10943,145,110.0
18228,10945,164,110.0
18235,10946,245,108.0
18242,109254,19,104.0
18249,10954,46,49.0
18256,10963,354,108.0
18263,10963,115,110.0
18270,10978,252,161.0
18277,109289,20,113.0
18284,109297,52,113.0
18291,109298,3,113.0
18298,109303,62,113.0
18305,109308,20,110.0
18312,11005,26,49.0
18319,109313,71,113.0
18326,11020,71,49.0
18333,11024,47,49.0
18340,11026,52,49.0
18347,11026,230,108.0
18354,11026,279,108.0
18361,109331,49,104.0
18368,11040,189,110.0
18375,11042,71,49.0
18382,11046,30,49.0
18389,109351,43,113.0
18396,11049,60,49.0
18403,11049,145,108.0
18410,109358,62,94.0
18417,109359,42,110.0
18424,109365,19,104.0
18431,109366,0,113.0
18438,109366,3,113.0
18445,11067,20,49.0
18452,11067,128,110.0
18459,109375,62,113.0
18466,11076,128,110.0
18473,109386,64,104.0
18480,109401,9,104.0
18487,7313,33,49.0
18494,11117,23,49.0
18501,11117,6,49.0
18508,11117,90,49.0
18515,11117,130,110.0
18522,11117,156,110.0
18529,11117,429,108.0
18536,11117,167,110.0
18543,109425,73,94.0
18550,109432,3,104.0
18557,11131,248,76.0
18564,11131,249,76.0
18571,11131,128,110.0
18578,11132,113,110.0
18585,11132,123,110.0
18592,7317,11,49.0
18599,11153,13,49.0
18606,11153,247,76.0
18613,109458,16,110.0
18620,109464,35,117.0
18627,11162,33,49.0
18634,11162,76,49.0
18641,109467,18,104.0
18648,109467,43,104.0
18655,109474,132,113.0
18662,109474,102,113.0
18669,109481,31,113.0
18676,109495,51,113.0
18683,109498,53,113.0
18690,109503,9,113.0
18697,109504,18,113.0
18704,11205,55,49.0
18711,11205,63,49.0
18718,11205,243,76.0
18725,11205,239,76.0
18732,11209,28,49.0
18739,11213,23,49.0
18746,11213,76,49.0
18753,11213,148,110.0
18760,11213,122,110.0
18767,11213,85,49.0
18774,11226,44,49.0
18781,11226,22,49.0
18788,11226,79,49.0
18795,11226,245,108.0
18802,11233,18,49.0
18809,109543,20,113.0
18816,109547,70,123.0
18823,109547,112,115.0
18830,11249,179,110.0
18837,11249,90,49.0
18844,11249,51,49.0
18851,109568,70,104.0
18858,109569,19,113.0
18865,11276,22,49.0
18872,11282,53,49.0
18879,11282,89,49.0
18886,11282,98,49.0
18893,11282,167,110.0
18900,109588,91,113.0
18907,109615,52,104.0
18914,109623,12,117.0
18921,109623,78,117.0
18928,109623,82,119.0
18935,109623,43,117.0
18942,109629,33,104.0
18949,109643,73,113.0
18956,109644,64,113.0
18963,11348,19,49.0
18970,11348,1,49.0
18977,11352,90,107.0
18984,11352,124,108.0
18991,109658,23,123.0
18998,109658,71,123.0
19005,109658,43,123.0
19012,109658,66,123.0
19019,11356,128,108.0
19026,11358,64,49.0
19033,11358,128,110.0
19040,11363,128,110.0
19047,11377,14,49.0
19054,11377,25,49.0
19061,11377,118,110.0
19068,11377,253,108.0
19075,11377,220,108.0
19082,109684,20,113.0
19089,11382,135,110.0
19096,11382,56,49.0
19103,11382,236,108.0
19110,11382,110,110.0
19117,11382,400,108.0
19124,11382,128,110.0
19131,109706,33,104.0
19138,11417,179,108.0
19145,11417,37,49.0
19152,11417,4,49.0
19159,109722,22,104.0
19166,109722,88,104.0
19173,11419,167,108.0
19180,109730,98,113.0
19187,11434,247,76.0
19194,109740,71,107.0
19201,109748,119,104.0
19208,109748,191,108.0
19215,11458,73,49.0
19222,11462,0,49.0
19229,109772,31,104.0
19236,109785,88,104.0
19243,109789,49,104.0
19250,109789,6,104.0
19257,109796,18,104.0
19264,11493,20,122.0
19271,109811,19,104.0
19278,109811,119,104.0
19285,11510,53,107.0
19292,11515,90,107.0
19299,11525,51,49.0
19306,11527,71,49.0
19313,109832,51,113.0
19320,11538,52,49.0
19327,109847,43,113.0
19334,109849,98,119.0
19341,11553,9,49.0
19348,11554,3,49.0
19355,11562,170,110.0
19362,11564,113,110.0
19369,109876,64,113.0
19376,11574,10,49.0
19383,11574,145,110.0
19390,11577,26,49.0
19397,11578,60,49.0
19404,11580,1,49.0
19411,11583,23,49.0
19418,109894,73,113.0
19425,109900,53,113.0
19432,11601,60,49.0
19439,11608,114,110.0
19446,11610,9,49.0
19453,109915,122,113.0
19460,109916,142,121.0
19467,11616,28,49.0
19474,109921,142,113.0
19481,11628,10,49.0
19488,11631,20,49.0
19495,11636,9,49.0
19502,109941,11,117.0
19509,11639,145,110.0
19516,11641,145,110.0
19523,11642,4,49.0
19530,109950,30,113.0
19537,11651,22,49.0
19544,11652,122,110.0
19551,109957,1,113.0
19558,11658,145,110.0
19565,11674,51,49.0
19572,11674,39,49.0
19579,11675,129,110.0
19586,11675,7,49.0
19593,109981,137,113.0
19600,109981,100,113.0
19607,109981,109,113.0
19614,109983,23,117.0
19621,109983,39,117.0
19628,11685,73,49.0
19635,109990,73,128.0
19642,11689,6,49.0
19649,11690,88,49.0
19656,11691,28,49.0
19663,11692,19,49.0
19670,11699,71,49.0
19677,11699,132,110.0
19684,110004,48,113.0
19691,11705,19,49.0
19698,11705,7,49.0
19705,11706,64,49.0
19712,11713,18,49.0
19719,11722,145,110.0
19726,110029,18,104.0
19733,11728,58,49.0
19740,11728,279,108.0
19747,11732,14,49.0
19754,11733,23,49.0
19761,11740,54,49.0
19768,11740,3,49.0
19775,11740,132,108.0
19782,11743,27,49.0
19789,110049,27,113.0
19796,11747,98,49.0
19803,11753,23,122.0
19810,11755,71,49.0
19817,11757,3,49.0
19824,11768,9,49.0
19831,11774,182,110.0
19838,110083,18,117.0
19845,110083,345,108.0
19852,110083,221,108.0
19859,110083,169,108.0
19866,11784,5,49.0
19873,11795,52,107.0
19880,11796,30,122.0
19887,11799,94,107.0
19894,11820,91,122.0
19901,11820,49,139.0
19908,11826,23,107.0
19915,11839,9,49.0
19922,11852,145,108.0
19929,11853,116,108.0
19936,110161,115,113.0
19943,110161,131,113.0
19950,110161,166,113.0
19957,110164,20,113.0
19964,11862,1,49.0
19971,11868,28,49.0
19978,11870,47,49.0
19985,11875,54,107.0
19992,11883,252,119.0
19999,11891,17,49.0
20006,116671,190,115.0
20013,11900,145,108.0
20020,11902,9,49.0
20027,11903,145,110.0
20034,11905,16,49.0
20041,11907,93,49.0
20048,11910,24,49.0
20055,11911,51,49.0
20062,11911,114,116.0
20069,11911,130,108.0
20076,11913,33,49.0
20083,11917,145,108.0
20090,7450,23,49.0
20097,11937,123,108.0
20104,11942,247,108.0
20111,11942,64,107.0
20118,11946,64,49.0
20125,11948,100,110.0
20132,11951,252,76.0
20139,11953,44,49.0
20146,110261,28,117.0
20153,11961,145,108.0
20160,11962,5,107.0
20167,11968,41,49.0
20174,110280,71,113.0
20181,11983,30,49.0
20188,110289,51,113.0
20195,110289,0,110.0
20202,110289,119,121.0
20209,110289,201,121.0
20216,110289,121,121.0
20223,110290,20,113.0
20230,110290,122,113.0
20237,11993,73,107.0
20244,110300,33,113.0
20251,12003,3,122.0
20258,110309,18,113.0
20265,110309,58,113.0
20272,110309,277,108.0
20279,12011,9,49.0
20286,12011,9,49.0
20293,12011,9,49.0
20300,12012,9,49.0
20307,12014,115,110.0
20314,12016,28,49.0
20321,12018,31,49.0
20328,12021,47,49.0
20335,12023,71,49.0
20342,12023,33,49.0
20349,12027,145,108.0
20356,12030,189,108.0
20363,12030,31,107.0
20370,12039,27,107.0
20377,110350,31,113.0
20384,12053,13,107.0
20391,12053,128,119.0
20398,12059,9,122.0
20405,110364,242,108.0
20412,12061,33,49.0
20419,12064,64,49.0
20426,110371,30,117.0
20433,12068,90,49.0
20440,110374,30,113.0
20447,12074,29,49.0
20454,12078,28,49.0
20461,110384,19,113.0
20468,110387,51,113.0
20475,12086,29,49.0
20482,12086,7,49.0
20489,111241,130,140.0
20496,12091,88,49.0
20503,12101,111,110.0
20510,12101,133,110.0
20517,12101,4,49.0
20524,12101,95,49.0
20531,110410,49,113.0
20538,110410,64,113.0
20545,110411,1,104.0
20552,110412,64,113.0
20559,110413,118,121.0
20566,12110,1,49.0
20573,12110,142,110.0
20580,12113,43,49.0
20587,110422,20,117.0
20594,12119,14,49.0
20601,12406,3,49.0
20608,12131,88,49.0
20615,12136,42,49.0
20622,110449,30,104.0
20629,12146,24,49.0
20636,12148,58,49.0
20643,12148,101,110.0
20650,12148,40,49.0
20657,12150,10,49.0
20664,12407,12,49.0
20671,12156,28,49.0
20678,12163,4,49.0
20685,12167,24,49.0
20692,12172,3,49.0
20699,12173,276,76.0
20706,12173,69,49.0
20713,110480,33,113.0
20720,110481,4,113.0
20727,110482,170,104.0
20734,110483,42,113.0
20741,12181,14,49.0
20748,110487,36,113.0
20755,12187,14,139.0
20762,12187,62,122.0
20769,12187,5,139.0
20776,12187,27,122.0
20783,12187,128,119.0
20790,12192,71,107.0
20797,12197,20,49.0
20804,110507,75,117.0
20811,12205,24,122.0
20818,110510,50,104.0
20825,110520,101,113.0
20832,110527,33,113.0
20839,110529,14,113.0
20846,12226,26,49.0
20853,12226,71,49.0
20860,12226,47,49.0
20867,12226,68,49.0
20874,12230,59,107.0
20881,12230,100,107.0
20888,110537,30,113.0
20895,110537,101,113.0
20902,110539,1,113.0
20909,12237,247,108.0
20916,110547,20,113.0
20923,110555,18,113.0
20930,110555,15,113.0
20937,110557,129,121.0
20944,12259,115,119.0
20951,12259,61,122.0
20958,12259,106,122.0
20965,12259,236,108.0
20972,110564,3,113.0
20979,12264,42,49.0
20986,110569,43,104.0
20993,110569,40,104.0
21000,12270,18,49.0
21007,12274,18,49.0
21014,12281,136,110.0
21021,12281,252,76.0
21028,110586,73,113.0
21035,110588,98,113.0
21042,110589,42,113.0
21049,12291,251,76.0
21056,12293,34,49.0
21063,12300,2,49.0
21070,12300,112,110.0
21077,110614,23,104.0
21084,110614,142,108.0
21091,12312,47,49.0
21098,110617,14,104.0
21105,110618,73,113.0
21112,110623,1,113.0
21119,12320,93,49.0
21126,111281,56,123.0
21133,111281,132,119.0
21140,111281,201,119.0
21147,110639,22,123.0
21154,12340,29,49.0
21161,110645,0,104.0
21168,12351,28,49.0
21175,12357,112,110.0
21182,12357,251,76.0
21189,12368,251,108.0
21196,12374,88,49.0
21203,12375,251,76.0
21210,12381,248,110.0
21217,12381,191,110.0
21224,12381,163,110.0
21231,12386,30,49.0
21238,12386,11,49.0
21245,5868,88,49.0
21252,12393,88,49.0
21259,12395,0,49.0
21266,12396,252,76.0
21273,12399,30,49.0
21280,12399,42,49.0
21287,110706,10,113.0
21294,12403,119,110.0
21301,12403,128,110.0
21308,12404,93,49.0
21315,12409,252,108.0
21322,12412,64,49.0
21329,12419,10,49.0
21336,12420,58,49.0
21343,12421,54,49.0
21350,12421,80,49.0
21357,12421,191,110.0
21364,110733,23,117.0
21371,12430,34,49.0
21378,12433,252,108.0
21385,110741,51,117.0
21392,12439,52,107.0
21399,12439,102,116.0
21406,12444,252,76.0
21413,12446,180,110.0
21420,12446,30,49.0
21427,12446,121,110.0
21434,12452,252,76.0
21441,12455,64,49.0
21448,12459,28,49.0
21455,12465,112,110.0
21462,12465,52,49.0
21469,12465,304,108.0
21476,12465,240,108.0
21483,12469,43,49.0
21490,12471,3,49.0
21497,12484,22,49.0
21504,12484,43,49.0
21511,110794,30,113.0
21518,12494,9,49.0
21525,12499,20,49.0
21532,12505,98,110.0
21539,110814,20,139.0
21546,110816,53,117.0
21553,12513,0,49.0
21560,12521,34,49.0
21567,110828,54,113.0
21574,110832,14,113.0
21581,12529,0,49.0
21588,12529,14,49.0
21595,110835,19,113.0
21602,12540,243,76.0
21609,12542,88,49.0
21616,110851,47,123.0
21623,12553,23,49.0
21630,12557,252,76.0
21637,12557,33,49.0
21644,12566,71,49.0
21651,110874,18,123.0
21658,110874,10,123.0
21665,110879,30,113.0
21672,110882,26,123.0
21679,110893,9,117.0
21686,12590,30,49.0
21693,12595,18,49.0
21700,12596,34,49.0
21707,12600,252,108.0
21714,12600,248,108.0
21721,12600,1,49.0
21728,110908,1,104.0
21735,12612,14,49.0
21742,12613,34,49.0
21749,12614,43,49.0
21756,110920,73,117.0
21763,12622,54,49.0
21770,12625,28,49.0
21777,110930,30,113.0
21784,12630,252,76.0
21791,12635,252,108.0
21798,12638,73,49.0
21805,12638,50,49.0
21812,12639,77,49.0
21819,12639,168,110.0
21826,12641,93,49.0
21833,12643,20,49.0
21840,12643,37,49.0
21847,12643,106,110.0
21854,12643,15,49.0
21861,12643,120,110.0
21868,12643,108,110.0
21875,12643,295,108.0
21882,12645,252,76.0
21889,12645,70,49.0
21896,12645,119,110.0
21903,12645,38,49.0
21910,12645,66,49.0
21917,6849,13,49.0
21924,6849,28,49.0
21931,6849,95,110.0
21938,110960,247,119.0
21945,12660,23,49.0
21952,12660,252,76.0
21959,12665,252,76.0
21966,110971,189,119.0
21973,12668,30,49.0
21980,12668,37,49.0
21987,12668,93,49.0
21994,12668,150,110.0
22001,12705,51,49.0
22008,12705,93,49.0
22015,12709,40,49.0
22022,12715,28,49.0
22029,111021,23,117.0
22036,12720,252,76.0
22043,111026,19,117.0
22050,12726,252,108.0
22057,12730,252,108.0
22064,12734,252,108.0
22071,12735,20,49.0
22078,12738,51,49.0
22085,111049,10,117.0
22092,111055,54,123.0
22099,111071,98,113.0
22106,12770,252,108.0
22113,12771,18,49.0
22120,12771,1,49.0
22127,12773,62,49.0
22134,12776,42,49.0
22141,111088,30,113.0
22148,12790,43,49.0
22155,12793,93,49.0
22162,111111,28,123.0
22169,12809,20,49.0
22176,12811,182,108.0
22183,12811,43,49.0
22190,12813,64,49.0
22197,12814,100,110.0
22204,12814,102,110.0
22211,12816,206,108.0
22218,12816,252,108.0
22225,12817,34,49.0
22232,12825,9,49.0
22239,12827,100,110.0
22246,111132,11,117.0
22253,12835,51,49.0
22260,12835,252,108.0
22267,12842,31,49.0
22274,12846,34,107.0
22281,12846,92,107.0
22288,12846,251,108.0
22295,111154,247,82.0
22302,12856,98,107.0
22309,111163,19,139.0
22316,111166,124,115.0
22323,12876,251,108.0
22330,12877,46,49.0
22337,12877,166,108.0
22344,12877,208,108.0
22351,12877,93,49.0
22358,12883,14,49.0
22365,12885,18,49.0
22372,111195,23,104.0
22379,12898,91,49.0
22386,12898,108,110.0
22393,12901,62,49.0
22400,12901,89,49.0
22407,12907,252,108.0
22414,12907,134,110.0
22421,12907,7,49.0
22428,12907,41,49.0
22435,12907,93,49.0
22442,12907,93,49.0
22449,111212,80,119.0
22456,12912,3,49.0
22463,12913,72,49.0
22470,12913,181,108.0
22477,12913,93,49.0
22484,111223,23,123.0
22491,111223,35,123.0
22498,12927,20,49.0
22505,12927,252,108.0
22512,12928,30,49.0
22519,12929,115,108.0
22526,111238,28,123.0
22533,12935,32,49.0
22540,12935,97,110.0
22547,12935,102,110.0
22554,12944,252,108.0
22561,12945,1,49.0
22568,12945,50,49.0
22575,12946,252,108.0
22582,12946,93,110.0
22589,111251,33,123.0
22596,111251,101,119.0
22603,12953,33,49.0
22610,12953,6,49.0
22617,12954,9,49.0
22624,12954,252,108.0
22631,111263,390,108.0
22638,12970,53,49.0
22645,12970,243,108.0
22652,12974,42,122.0
22659,111283,57,104.0
22666,111294,21,123.0
22673,111294,122,119.0
22680,111297,0,132.0
22687,111297,42,123.0
22694,111300,102,115.0
22701,12998,24,49.0
22708,12998,101,110.0
22715,12999,52,49.0
22722,12999,64,49.0
22729,13001,72,107.0
22736,13010,252,108.0
22743,13017,71,49.0
22750,13018,28,49.0
22757,13025,70,49.0
22764,111335,31,123.0
22771,13038,18,49.0
22778,13038,251,108.0
22785,13056,252,108.0
22792,111372,71,123.0
22799,13070,23,107.0
22806,13072,34,49.0
22813,13083,30,49.0
22820,13087,252,161.0
22827,13087,40,139.0
22834,13093,28,49.0
22841,13095,252,108.0
22848,111400,33,123.0
22855,13101,252,108.0
22862,13109,52,49.0
22869,13109,46,49.0
22876,13110,128,110.0
22883,13116,20,49.0
22890,13116,9,49.0
22897,111421,130,119.0
22904,13118,251,108.0
22911,13120,27,49.0
22918,13126,252,108.0
22925,13131,48,107.0
22932,13139,47,107.0
22939,13140,58,107.0
22946,13140,27,49.0
22953,13141,73,107.0
22960,13142,14,49.0
22967,13144,189,108.0
22974,13144,10,49.0
22981,13144,252,108.0
22988,13147,21,122.0
22995,13147,248,108.0
23002,13147,11,122.0
23009,13147,46,122.0
23016,13147,64,122.0
23023,13149,54,107.0
23030,13149,88,107.0
23037,13150,14,107.0
23044,13150,91,107.0
23051,13150,201,108.0
23058,13153,62,49.0
23065,13155,27,49.0
23072,13157,140,108.0
23079,13162,42,49.0
23086,13167,9,49.0
23093,13168,62,49.0
23100,13169,40,49.0
23107,13172,42,49.0
23114,13172,31,49.0
23121,13178,245,161.0
23128,13184,19,122.0
23135,13184,3,122.0
23142,13195,33,122.0
23149,13195,122,119.0
23156,111521,250,119.0
23163,13220,93,110.0
23170,13229,30,49.0
23177,111535,54,123.0
23184,111535,129,119.0
23191,111535,120,123.0
23198,13233,93,110.0
23205,13236,40,49.0
23212,13240,118,108.0
23219,13240,84,116.0
23226,13243,251,76.0
23233,13244,93,110.0
23240,13253,93,116.0
23247,13255,57,107.0
23254,13255,39,49.0
23261,13255,69,107.0
23268,13255,143,108.0
23275,13255,40,49.0
23282,13258,42,122.0
23289,13264,28,49.0
23296,111575,0,123.0
23303,13274,179,108.0
23310,13274,88,107.0
23317,13274,93,107.0
23324,13277,234,108.0
23331,13277,227,108.0
23338,13277,86,107.0
23345,13280,64,49.0
23352,13283,51,107.0
23359,13283,42,107.0
23366,111588,71,117.0
23373,13289,252,108.0
23380,13289,11,107.0
23387,13289,245,108.0
23394,13289,40,107.0
23401,13291,43,49.0
23408,13293,93,107.0
23415,13296,98,116.0
23422,13297,23,49.0
23429,13305,73,122.0
23436,13306,71,122.0
23443,111613,64,123.0
23450,111445,43,123.0
23457,111647,18,123.0
23464,111651,28,104.0
23471,5901,23,49.0
23478,111687,1,104.0
23485,111712,51,113.0
23492,111740,72,104.0
23499,111740,95,104.0
23506,111751,71,104.0
23513,111801,28,104.0
23520,111822,20,107.0
23527,111822,50,107.0
23534,111849,148,108.0
23541,111849,227,108.0
23548,111853,9,113.0
23555,111854,179,113.0
23562,111854,91,113.0
23569,111854,64,113.0
23576,111867,47,104.0
23583,111875,71,113.0
23590,111875,277,108.0
23597,111878,33,113.0
23604,111894,1,113.0
23611,111896,43,113.0
23618,111912,42,110.0
23625,111942,2,110.0
23632,111944,126,113.0
23639,111944,41,113.0
23646,111944,381,108.0
23653,111946,30,113.0
23660,111952,73,113.0
23667,111960,47,113.0
23674,111971,3,113.0
23681,111986,28,113.0
23688,111987,245,108.0
23695,111996,20,113.0
23702,112008,50,113.0
23709,112018,20,110.0
23716,112025,64,104.0
23723,112027,88,108.0
23730,112044,23,113.0
23737,112066,88,113.0
23744,112091,19,117.0
23751,112093,88,108.0
23758,112107,33,117.0
23765,112113,23,104.0
23772,109573,0,104.0
23779,112125,102,113.0
23786,112140,20,113.0
23793,112152,247,82.0
23800,112165,11,110.0
23807,112168,11,113.0
23814,112169,75,117.0
23821,7011,98,110.0
23828,105059,18,113.0
23835,112409,30,113.0
23842,112412,33,94.0
23849,111578,18,123.0
23856,112418,23,113.0
23863,112418,4,113.0
23870,112418,102,113.0
23877,112423,147,108.0
23884,112423,348,108.0
23891,112431,73,117.0
23898,112436,18,113.0
23905,112459,10,117.0
23912,7018,133,119.0
23919,7018,34,122.0
23926,7018,351,108.0
23933,7018,240,119.0
23940,112463,119,104.0
23947,112471,23,117.0
23954,112475,47,117.0
23961,112497,98,113.0
23968,112514,24,113.0
23975,112531,3,117.0
23982,112564,70,117.0
23989,112568,43,113.0
23996,7839,27,128.0
24003,112588,22,113.0
24010,112588,123,113.0
24017,112594,26,113.0
24024,112594,62,113.0
24031,112616,0,107.0
24038,112621,18,113.0
24045,112628,89,119.0
24052,112629,3,128.0
24059,112638,62,113.0
24066,2390,252,87.0
24073,2390,31,49.0
24080,112666,126,119.0
24087,112671,43,113.0
24094,7856,93,107.0
24101,112693,42,104.0
24108,112725,76,123.0
24115,112754,33,117.0
24122,112776,73,123.0
24129,112797,20,113.0
24136,112819,47,139.0
24143,112824,1,123.0
24150,12099,42,49.0
24157,112861,73,123.0
24164,112877,64,123.0
24171,112882,53,123.0
24178,112970,19,139.0
24185,113030,98,121.0
24192,113051,5,132.0
24199,113057,43,128.0
24206,7931,34,49.0
24213,113149,0,139.0
24220,113149,140,119.0
24227,110699,19,107.0
24234,113182,47,123.0
24241,113227,30,123.0
24248,113227,88,123.0
24255,113231,132,119.0
24262,113233,126,119.0
24269,113233,286,119.0
24276,113245,20,139.0
24283,113257,18,139.0
24290,113257,78,123.0
24297,113299,12,139.0
24304,113320,20,117.0
24311,113341,64,139.0
24318,113376,14,145.0
24325,113387,129,119.0
24332,113397,9,139.0
24339,113415,71,139.0
24346,113427,62,139.0
24353,113578,30,104.0
24360,113592,3,113.0
24367,113595,49,113.0
24374,113596,71,113.0
24381,113597,43,113.0
24388,8012,54,49.0
24395,8012,12,49.0
24402,113610,9,113.0
24409,113615,14,94.0
24416,113628,20,113.0
24423,113636,49,110.0
24430,113636,3,110.0
24437,113640,20,113.0
24444,113640,57,113.0
24451,113640,121,113.0
24458,113653,19,104.0
24465,113659,23,113.0
24472,113659,181,113.0
24479,113660,51,113.0
24486,113660,20,113.0
24493,113667,9,100.0
24500,113669,19,110.0
24507,113679,61,104.0
24514,113679,5,104.0
24521,113681,64,113.0
24528,113683,88,113.0
24535,113685,88,121.0
24542,113693,122,128.0
24549,113702,47,110.0
24556,113712,118,113.0
24563,113712,270,108.0
24570,113718,27,113.0
24577,113722,62,104.0
24584,113725,64,123.0
24591,113728,28,113.0
24598,113728,348,82.0
24605,113740,101,113.0
24612,113742,14,113.0
24619,113746,98,113.0
24626,113747,181,82.0
24633,113762,30,113.0
24640,113768,22,113.0
24647,113769,2,110.0
24654,113770,43,113.0
24661,113775,14,113.0
24668,113775,57,113.0
24675,113775,68,113.0
24682,113782,54,104.0
24689,122729,72,113.0
24696,113784,71,113.0
24703,113787,33,113.0
24710,113787,62,113.0
24717,113787,115,113.0
24724,113788,122,113.0
24731,113794,98,113.0
24738,113798,18,113.0
24745,113802,53,113.0
24752,113811,1,113.0
24759,113815,64,113.0
24766,113818,1,104.0
24773,113824,134,113.0
24780,113824,123,113.0
24787,113827,30,113.0
24794,113830,338,108.0
24801,113830,143,108.0
24808,113830,91,113.0
24815,113830,237,108.0
24822,113830,303,108.0
24829,113830,124,108.0
24836,113832,43,104.0
24843,113838,122,113.0
24850,113849,19,113.0
24857,113850,115,108.0
24864,113850,149,108.0
24871,113859,28,113.0
24878,113864,17,104.0
24885,113865,66,113.0
24892,113867,0,117.0
24899,113867,123,108.0
24906,113871,9,113.0
24913,100899,101,108.0
24920,113894,9,117.0
24927,113895,30,94.0
24934,113897,35,104.0
24941,113910,30,117.0
24948,113917,51,117.0
24955,113926,18,113.0
24962,113926,42,113.0
24969,113932,115,108.0
24976,113933,101,113.0
24983,113949,112,128.0
24990,106373,62,93.0
24997,113955,1,123.0
25004,113961,10,123.0
25011,113962,31,132.0
25018,113973,143,108.0
25025,113973,201,108.0
25032,113977,129,121.0
25039,113981,51,117.0
25046,113987,114,108.0
25053,113994,18,123.0
25060,113995,9,104.0
25067,114000,62,113.0
25074,114002,64,113.0
25081,114009,52,128.0
25088,114012,20,117.0
25095,114023,33,117.0
25102,114025,47,113.0
25109,114027,31,104.0
25116,114041,52,123.0
25123,114046,119,123.0
25130,114046,20,123.0
25137,114046,185,119.0
25144,114048,18,94.0
25151,114054,21,94.0
25158,114056,21,117.0
25165,114056,16,117.0
25172,114057,181,108.0
25179,114057,16,113.0
25186,114063,98,113.0
25193,114076,28,123.0
25200,114088,93,113.0
25207,114106,30,128.0
25214,114107,73,104.0
25221,114111,44,123.0
25228,114118,17,113.0
25235,114126,1,123.0
25242,114128,61,123.0
25249,114128,60,123.0
25256,114133,23,117.0
25263,114135,73,119.0
25270,114200,28,132.0
25277,114252,71,119.0
25284,114276,129,121.0
25291,110737,9,117.0
25298,114322,19,117.0
25305,8133,111,-87.0
25312,8133,114,-87.0
25319,114371,33,113.0
25326,114408,3,113.0
25333,114441,20,113.0
25340,114447,30,113.0
25347,100996,112,108.0
25354,114458,14,110.0
25361,2698,19,49.0
25368,2698,1,49.0
25375,114508,58,110.0
25382,114508,131,113.0
25389,114509,28,113.0
25396,114525,19,94.0
25403,114525,76,113.0
25410,114564,23,113.0
25417,114580,43,110.0
25424,8179,113,107.0
25431,110747,64,123.0
25438,114635,78,113.0
25445,114664,31,113.0
25452,114670,20,110.0
25459,114678,28,113.0
25466,114692,30,110.0
25473,114709,14,113.0
25480,114733,181,128.0
25487,114753,49,123.0
25494,106516,28,104.0
25501,114834,12,128.0
25508,106525,62,113.0
25515,114874,28,123.0
25522,106528,164,82.0
25529,114952,28,128.0
25536,114967,27,123.0
25543,114988,30,123.0
25550,2794,24,49.0
25557,117493,9,113.0
25564,115152,3,139.0
25571,115171,42,145.0
25578,2812,113,49.0
25585,115197,73,113.0
25592,115224,233,128.0
25599,115230,80,119.0
25606,115233,112,123.0
25613,115233,135,119.0
25620,115234,73,-150.0
25627,106587,42,110.0
25634,115278,53,123.0
25641,115302,0,117.0
25648,115305,22,113.0
25655,115305,27,113.0
25662,115347,6,132.0
25669,115365,23,104.0
25676,115365,114,108.0
25683,115370,54,128.0
25690,115370,129,128.0
25697,115370,114,128.0
25704,106613,71,113.0
25711,2851,22,49.0
25718,2851,242,87.0
25725,115424,53,123.0
25732,106624,20,113.0
25739,106624,15,110.0
25746,115482,42,128.0
25753,115485,43,123.0
25760,115492,18,123.0
25767,115492,27,123.0
25774,115508,3,-176.0
25781,115516,1,123.0
25788,115538,9,104.0
25795,115540,64,123.0
25802,115543,20,117.0
25809,115544,28,132.0
25816,115552,33,139.0
25823,115565,58,145.0
25830,115570,98,123.0
25837,115576,179,198.0
25844,115576,9,-176.0
25851,115576,98,145.0
25858,115586,30,128.0
25865,115592,1,105.0
25872,115603,42,145.0
25879,115622,73,117.0
25886,115632,10,-176.0
25893,115638,10,123.0
25900,115645,18,145.0
25907,115661,62,145.0
25914,115669,33,107.0
25921,115674,131,119.0
25928,115684,51,123.0
25935,115698,19,139.0
25942,115702,115,138.0
25949,115702,282,198.0
25956,115712,44,145.0
25963,115729,23,139.0
25970,115731,4,104.0
25977,115735,73,104.0
25984,115735,203,108.0
25991,115735,85,104.0
25998,115735,305,108.0
26005,115740,30,139.0
26012,115751,20,139.0
26019,115755,73,145.0
26026,115755,101,145.0
26033,115760,111,108.0
26040,115761,33,107.0
26047,106676,129,113.0
26054,115770,51,117.0
26061,115774,58,128.0
26068,115774,46,128.0
26075,115775,9,139.0
26082,115780,30,104.0
26089,115783,14,113.0
26096,115785,93,121.0
26103,115836,22,139.0
26110,115836,20,139.0
26117,115865,28,139.0
26124,115894,84,139.0
26131,115934,9,132.0
26138,115943,47,139.0
26145,115950,67,139.0
26152,116002,51,-150.0
26159,116015,71,123.0
26166,116133,9,123.0
26173,116208,73,123.0
26180,116258,88,123.0
26187,116264,3,139.0
26194,116307,43,128.0
26201,116330,33,123.0
26208,116333,20,104.0
26215,116333,6,104.0
26222,116335,10,139.0
26229,116362,30,145.0
26236,116362,4,145.0
26243,116382,18,128.0
26250,116389,3,-150.0
26257,116403,46,139.0
26264,116462,50,113.0
26271,116473,78,119.0
26278,116473,185,119.0
26285,116480,28,123.0
26292,116504,30,123.0
26299,116508,33,104.0
26306,116534,43,94.0
26313,116539,31,123.0
26320,116557,30,145.0
26327,116572,233,108.0
26334,116592,19,107.0
26341,116608,30,113.0
26348,116624,3,139.0
26355,116634,18,139.0
26362,116648,11,113.0
26369,116669,50,117.0
26376,116672,9,113.0
26383,116686,23,-150.0
26390,116735,70,123.0
26397,116747,23,110.0
26404,116765,20,113.0
26411,116918,20,110.0
26418,106870,104,104.0
26425,106870,238,108.0
26432,106870,429,108.0
26439,117050,54,113.0
26446,117057,20,104.0
26453,117061,1,113.0
26460,117064,131,113.0
26467,117065,10,113.0
26474,117077,42,113.0
26481,117082,33,113.0
26488,117085,131,121.0
26495,117085,67,113.0
26502,117094,54,113.0
26509,117095,98,113.0
26516,117103,11,104.0
26523,117106,0,113.0
26530,117107,131,113.0
26537,117107,130,113.0
26544,117120,32,117.0
26551,117120,137,121.0
26558,117133,47,117.0
26565,117139,19,113.0
26572,117144,33,117.0
26579,117144,43,117.0
26586,117147,33,117.0
26593,117147,148,108.0
26600,117147,69,117.0
26607,117161,51,113.0
26614,117168,14,104.0
26621,117186,18,113.0
26628,117200,30,113.0
26635,117204,18,113.0
26642,117210,30,113.0
26649,117210,11,113.0
26656,117214,19,113.0
26663,117214,4,113.0
26670,105378,21,110.0
26677,117220,247,108.0
26684,117220,71,113.0
26691,117226,20,104.0
26698,117226,192,108.0
26705,117226,342,108.0
26712,117229,88,113.0
26719,117236,19,113.0
26726,117236,42,113.0
26733,117237,43,104.0
26740,117242,98,121.0
26747,117249,33,113.0
26754,117260,52,104.0
26761,117269,52,113.0
26768,117271,27,113.0
26775,117283,43,94.0
26782,117297,18,113.0
26789,117303,3,117.0
26796,117310,101,113.0
26803,117314,20,113.0
26810,117316,14,113.0
26817,117327,42,117.0
26824,117329,48,113.0
26831,117338,10,113.0
26838,117354,64,113.0
26845,117365,71,113.0
26852,117371,54,104.0
26859,117374,18,113.0
26866,117379,42,113.0
26873,117381,4,94.0
26880,117385,71,113.0
26887,117404,23,113.0
26894,117415,18,117.0
26901,117424,72,113.0
26908,117424,148,108.0
26915,117425,51,113.0
26922,117425,56,113.0
26929,117425,122,113.0
26936,117425,201,108.0
26943,117429,23,104.0
26950,117430,2,113.0
26957,117459,0,117.0
26964,117459,202,121.0
26971,117468,52,113.0
26978,117471,10,113.0
26985,117471,41,113.0
26992,117480,18,113.0
26999,117482,64,113.0
27006,117486,31,94.0
27013,117487,26,104.0
27020,117516,19,113.0
27027,117516,247,108.0
27034,117516,168,108.0
27041,106970,12,123.0
27048,106970,3,123.0
27055,106970,66,123.0
27062,117539,115,119.0
27069,117545,71,117.0
27076,117547,51,113.0
27083,117562,23,123.0
27090,117564,52,113.0
27097,117574,72,119.0
27104,117574,41,117.0
27111,117577,201,108.0
27118,117578,3,123.0
27125,117580,14,117.0
27132,117586,51,113.0
27139,117586,5,113.0
27146,117595,6,113.0
27153,117599,62,123.0
27160,117601,41,117.0
27167,117611,183,108.0
27174,117619,51,113.0
27181,117627,10,113.0
27188,117632,91,113.0
27195,117642,33,113.0
27202,117643,19,113.0
27209,117651,20,117.0
27216,117656,72,113.0
27223,117671,9,123.0
27230,117692,33,113.0
27237,117693,20,113.0
27244,117708,18,110.0
27251,117708,64,113.0
27258,112461,52,117.0
27265,117713,27,113.0
27272,117736,22,113.0
27279,117736,220,108.0
27286,117736,139,108.0
27293,117749,43,123.0
27300,117757,130,108.0
27307,117770,21,123.0
27314,117770,16,123.0
27321,8707,3,49.0
27328,8707,87,49.0
27335,107015,28,117.0
27342,117816,75,123.0
27349,117822,23,123.0
27356,117843,30,113.0
27363,117854,43,123.0
27370,117884,47,117.0
27377,117890,39,113.0
27384,117907,23,113.0
27391,117907,65,113.0
27398,117914,154,108.0
27405,117914,272,108.0
27412,117917,31,113.0
27419,3273,73,49.0
27426,117953,64,113.0
27433,107042,18,117.0
27440,117973,30,113.0
27447,107044,43,117.0
27454,117989,28,113.0
27461,118009,80,113.0
27468,118010,30,113.0
27475,118036,73,128.0
27482,117977,1,-201.0
27489,118066,254,128.0
27496,118068,89,113.0
27503,118111,31,113.0
27510,118147,395,-159.0
27517,118147,40,123.0
27524,107084,115,108.0
27531,118281,47,123.0
27538,101651,14,117.0
27545,118039,3,113.0
27552,118441,27,123.0
27559,118455,43,139.0
27566,118482,62,113.0
27573,118487,123,119.0
27580,118496,18,123.0
27587,118500,17,107.0
27594,118510,71,117.0
27601,118537,111,140.0
27608,118537,65,145.0
27615,118545,33,113.0
27622,118547,0,145.0
27629,118550,28,84.0
27636,118562,30,117.0
27643,118570,49,123.0
27650,118584,66,123.0
27657,118588,64,123.0
27664,118597,26,123.0
27671,118597,64,123.0
27678,118604,1,132.0
27685,118605,31,94.0
27692,118619,21,113.0
27699,118633,51,123.0
27706,118636,80,123.0
27713,118650,31,94.0
27720,118654,1,104.0
27727,118661,3,128.0
27734,118668,6,104.0
27741,118668,7,104.0
27748,118669,73,113.0
27755,118670,119,113.0
27762,118677,33,113.0
27769,118677,50,113.0
27776,118680,73,113.0
27783,118680,37,113.0
27790,118690,43,123.0
27797,118691,4,113.0
27804,118691,50,117.0
27811,118698,164,113.0
27818,118698,10,113.0
27825,3399,113,107.0
27832,118700,11,139.0
27839,118707,19,123.0
27846,118720,33,123.0
27853,107168,18,117.0
27860,118724,1,132.0
27867,7227,10,49.0
27874,118745,24,113.0
27881,118766,115,119.0
27888,118785,18,123.0
27895,118791,9,117.0
27902,118810,42,123.0
27909,118821,62,123.0
27916,118830,3,128.0
27923,118832,10,107.0
27930,118832,5,107.0
27937,118839,22,123.0
27944,118855,10,123.0
27951,118878,30,104.0
27958,118879,18,123.0
27965,118892,3,123.0
27972,118905,20,132.0
27979,118906,3,145.0
27986,118919,3,132.0
27993,118922,164,119.0
28000,118925,115,128.0
28007,118926,35,117.0
28014,118926,114,121.0
28021,118933,28,123.0
28028,118948,33,107.0
28035,118956,62,123.0
28042,118980,14,94.0
28049,119000,17,117.0
28056,119010,23,123.0
28063,119010,2,132.0
28070,119011,3,104.0
28077,119027,11,104.0
28084,119030,62,117.0
28091,119032,129,119.0
28098,119057,22,128.0
28105,119070,112,115.0
28112,119070,10,123.0
28119,119070,42,123.0
28126,119071,180,115.0
28133,119071,3,123.0
28140,119071,199,115.0
28147,119071,66,123.0
28154,119097,119,128.0
28161,119113,51,128.0
28168,7240,71,49.0
28175,119151,71,123.0
28182,119166,71,145.0
28189,119166,50,145.0
28196,119195,26,113.0
28203,119206,72,123.0
28210,119206,47,123.0
28217,119215,73,123.0
28224,119215,201,119.0
28231,119223,13,128.0
28238,119241,23,104.0
28245,119242,55,113.0
28252,119242,92,113.0
28259,119242,71,113.0
28266,119246,24,123.0
28273,119260,28,128.0
28280,119272,42,107.0
28287,119296,43,128.0
28294,119306,42,123.0
28301,119314,31,145.0
28308,119351,13,123.0
28315,107275,88,113.0
28322,119415,28,123.0
28329,119451,53,123.0
28336,107302,19,117.0
28343,119554,47,104.0
28350,9003,48,49.0
28357,3544,24,49.0
28364,3544,3,49.0
28371,3544,50,49.0
28378,119618,3,93.0
28385,119623,0,100.0
28392,119623,253,128.0
28399,119654,111,123.0
28406,119654,4,107.0
28413,119656,42,145.0
28420,119693,30,123.0
28427,119716,51,117.0
28434,119716,47,117.0
28441,119735,80,123.0
28448,119782,191,121.0
28455,119791,49,107.0
28462,119791,136,115.0
28469,107347,23,104.0
28476,107347,54,104.0
28483,107347,154,104.0
28490,107347,130,104.0
28497,107347,48,104.0
28504,107347,43,104.0
28511,119808,71,104.0
28518,119813,37,123.0
28525,119821,35,128.0
28532,119834,301,121.0
28539,119834,142,121.0
28546,119846,0,113.0
28553,119866,10,117.0
28560,119869,69,119.0
28567,119882,98,113.0
28574,119887,19,117.0
28581,119893,0,132.0
28588,119894,48,113.0
28595,119895,14,132.0
28602,119896,4,139.0
28609,119908,28,132.0
28616,119912,19,132.0
28623,119917,52,139.0
28630,119918,72,113.0
28637,119919,47,117.0
28644,119922,165,121.0
28651,119922,75,117.0
28658,119922,79,117.0
28665,119922,185,121.0
28672,119922,187,121.0
28679,119922,430,198.0
28686,119922,95,121.0
28693,119924,50,123.0
28700,119928,9,132.0
28707,119934,71,123.0
28714,119937,20,117.0
28721,119944,20,117.0
28728,119946,73,119.0
28735,119949,18,113.0
28742,119953,64,113.0
28749,119968,23,132.0
28756,119968,70,119.0
28763,119973,179,119.0
28770,119975,73,117.0
28777,119975,203,119.0
28784,119975,7,117.0
28791,119975,168,119.0
28798,119977,32,123.0
28805,119977,41,123.0
28812,119977,69,119.0
28819,119981,100,113.0
28826,119981,121,113.0
28833,119987,72,117.0
28840,107380,245,108.0
28847,117473,16,113.0
28854,119998,119,138.0
28861,119999,53,117.0
28868,120002,20,113.0
28875,120009,30,132.0
28882,120014,28,117.0
28889,120020,1,132.0
28896,120022,3,117.0
28903,120024,20,113.0
28910,120024,201,121.0
28917,120025,115,121.0
28924,120034,28,139.0
28931,120034,112,119.0
28938,120037,14,132.0
28945,120040,56,123.0
28952,107388,1,113.0
28959,120044,58,117.0
28966,107390,28,104.0
28973,120058,91,113.0
28980,120064,73,113.0
28987,101931,28,93.0
28994,120077,28,113.0
29001,107395,71,107.0
29008,120085,9,117.0
29015,120086,54,123.0
29022,120094,19,117.0
29029,107398,30,110.0
29036,120104,20,117.0
29043,107399,4,104.0
29050,120109,53,123.0
29057,120110,42,104.0
29064,120117,30,123.0
29071,120132,18,117.0
29078,120135,13,113.0
29085,120139,9,104.0
29092,120148,6,123.0
29099,120148,126,119.0
29106,120148,166,119.0
29113,120159,115,119.0
29120,120176,28,113.0
29127,120188,20,113.0
29134,120194,73,104.0
29141,120198,27,113.0
29148,120213,49,123.0
29155,120213,3,123.0
29162,120213,94,123.0
29169,120216,30,123.0
29176,120217,49,128.0
29183,120231,28,94.0
29190,120231,1,94.0
29197,120237,115,121.0
29204,120237,95,121.0
29211,120243,42,113.0
29218,120264,46,117.0
29225,120270,116,113.0
29232,120278,19,128.0
29239,107429,14,113.0
29246,120291,43,123.0
29253,120305,56,84.0
29260,120305,108,128.0
29267,120317,28,123.0
29274,120319,12,132.0
29281,120321,112,123.0
29288,120322,203,128.0
29295,120322,80,128.0
29302,120322,50,128.0
29309,120328,9,123.0
29316,120331,50,123.0
29323,120333,88,123.0
29330,120353,18,123.0
29337,107442,18,110.0
29344,120368,20,117.0
29351,120371,68,123.0
29358,120380,22,123.0
29365,120380,50,123.0
29372,120381,107,128.0
29379,120396,3,123.0
29386,107451,3,104.0
29393,9165,73,49.0
29400,102016,1,110.0
29407,120614,64,123.0
29414,107485,180,108.0
29421,9183,51,49.0
29428,9183,3,49.0
29435,120686,33,123.0
29442,120686,22,123.0
29449,120708,28,123.0
29456,120811,5,123.0
29463,120844,78,123.0
29470,120851,1,132.0
29477,120855,33,123.0
29484,120891,20,123.0
29491,3769,14,49.0
29498,3769,52,49.0
29505,3769,41,49.0
29512,3769,19,49.0
29519,3769,397,108.0
29526,3769,27,49.0
29533,3769,452,108.0
29540,120962,47,123.0
29547,120974,22,104.0
29554,120974,65,117.0
29561,120989,28,113.0
29568,121001,23,113.0
29575,121001,39,113.0
29582,103808,24,107.0
29589,121119,3,145.0
29596,121141,9,123.0
29603,121150,183,140.0
29610,121150,63,145.0
29617,121152,98,145.0
29624,121158,49,145.0
29631,121165,3,-150.0
29638,121173,54,123.0
29645,121173,1,139.0
29652,121191,129,123.0
29659,121204,125,119.0
29666,121204,114,119.0
29673,121211,50,123.0
29680,110452,123,108.0
29687,121264,1,145.0
29694,107594,56,123.0
29701,121283,22,139.0
29708,121283,247,140.0
29715,121283,84,123.0
29722,121288,98,123.0
29729,121345,179,108.0
29736,121345,41,104.0
29743,121349,73,123.0
29750,121362,0,93.0
29757,121372,3,113.0
29764,121381,30,113.0
29771,121391,88,117.0
29778,121401,50,113.0
29785,121405,5,113.0
29792,121418,14,113.0
29799,121422,114,113.0
29806,121422,277,108.0
29813,121423,14,117.0
29820,121430,11,113.0
29827,121441,46,113.0
29834,121451,0,113.0
29841,121451,101,113.0
29848,121452,78,113.0
29855,121457,30,113.0
29862,121461,9,113.0
29869,121483,62,123.0
29876,121503,71,113.0
29883,121524,9,113.0
29890,121536,20,113.0
29897,121536,22,113.0
29904,121539,19,113.0
29911,121545,14,113.0
29918,121545,57,113.0
29925,121545,79,113.0
29932,121545,197,108.0
29939,121578,51,94.0
29946,121582,71,113.0
29953,121587,119,113.0
29960,121589,30,113.0
29967,121593,19,113.0
29974,121593,33,113.0
29981,121593,41,113.0
29988,121598,31,113.0
29995,121605,142,121.0
30002,121619,122,113.0
30009,121623,73,113.0
30016,121630,64,104.0
30023,121631,15,113.0
30030,121636,30,113.0
30037,121644,10,113.0
30044,121645,71,104.0
30051,121645,89,104.0
30058,121646,3,104.0
30065,121651,72,121.0
30072,121652,42,113.0
30079,121662,52,113.0
30086,121664,13,104.0
30093,121664,114,113.0
30100,121665,49,113.0
30107,121670,9,113.0
30114,121672,53,113.0
30121,121678,19,117.0
30128,121688,19,113.0
30135,121691,116,108.0
30142,121691,112,108.0
30149,121693,122,121.0
30156,121701,33,113.0
30163,121709,28,113.0
30170,121727,52,113.0
30177,121729,58,113.0
30184,121729,254,108.0
30191,121729,277,108.0
30198,121732,98,113.0
30205,121738,43,113.0
30212,121741,3,104.0
30219,121749,18,113.0
30226,121749,117,108.0
30233,121749,265,108.0
30240,121749,243,108.0
30247,121749,108,113.0
30254,121749,293,108.0
30261,121770,28,113.0
30268,121776,33,113.0
30275,121778,62,113.0
30282,121795,73,113.0
30289,121797,3,113.0
30296,121800,96,113.0
30303,121800,69,113.0
30310,121831,19,113.0
30317,121831,11,113.0
30324,121837,21,113.0
30331,121842,3,113.0
30338,121846,119,113.0
30345,121851,42,113.0
30352,121858,89,113.0
30359,121865,63,113.0
30366,121866,116,108.0
30373,121866,11,113.0
30380,121866,68,113.0
30387,121879,12,113.0
30394,121887,1,104.0
30401,121897,119,108.0
30408,121897,72,117.0
30415,121910,18,128.0
30422,121911,27,113.0
30429,121917,22,123.0
30436,121923,31,104.0
30443,121933,56,117.0
30450,121935,10,113.0
30457,121939,43,104.0
30464,121964,10,123.0
30471,121986,70,113.0
30478,121996,33,107.0
30485,122001,3,113.0
30492,122009,9,132.0
30499,122013,42,113.0
30506,122042,24,104.0
30513,122043,10,113.0
30520,122048,39,113.0
30527,122052,10,113.0
30534,122057,71,117.0
30541,122061,88,117.0
30548,122068,0,-201.0
30555,122073,19,113.0
30562,122073,33,113.0
30569,122074,96,113.0
30576,122074,64,113.0
30583,122080,23,113.0
30590,122080,58,113.0
30597,122088,21,123.0
30604,122088,7,123.0
30611,122101,42,123.0
30618,122108,64,128.0
30625,122112,9,104.0
30632,122121,98,119.0
30639,122128,115,113.0
30646,9432,4,49.0
30653,122131,1,132.0
30660,122139,111,113.0
30667,122143,73,113.0
30674,122152,27,104.0
30681,122176,23,113.0
30688,122184,3,132.0
30695,122185,71,123.0
30702,122197,14,128.0
30709,122204,10,117.0
30716,122212,10,113.0
30723,122220,43,113.0
30730,122305,18,113.0
30737,122349,18,104.0
30744,122349,126,104.0
30751,122349,121,104.0
30758,122358,58,104.0
30765,122362,30,104.0
30772,9472,90,107.0
30779,122371,64,113.0
30786,122423,9,104.0
30793,122430,53,113.0
30800,122431,115,104.0
30807,122438,111,113.0
30814,122438,126,113.0
30821,122438,98,113.0
30828,122452,23,113.0
30835,122457,62,113.0
30842,122465,19,113.0
30849,122472,64,113.0
30856,122475,28,113.0
30863,122477,30,104.0
30870,122491,10,113.0
30877,122495,73,113.0
30884,122502,23,113.0
30891,122503,116,121.0
30898,122504,30,104.0
30905,122504,88,104.0
30912,122511,43,113.0
30919,122512,242,82.0
30926,122513,1,113.0
30933,122515,164,113.0
30940,122515,112,113.0
30947,122528,11,113.0
30954,107803,18,104.0
30961,122538,71,117.0
30968,122543,72,94.0
30975,122545,9,113.0
30982,122545,27,113.0
30989,122549,58,113.0
30996,122549,94,113.0
31003,122552,41,113.0
31010,122552,57,113.0
31017,122552,430,108.0
31024,122553,41,113.0
31031,122553,82,113.0
31038,122559,62,113.0
31045,122564,31,113.0
31052,122579,130,121.0
31059,122588,17,104.0
31066,107813,190,119.0
31073,107813,95,119.0
31080,122609,20,113.0
31087,122609,44,113.0
31094,122622,19,113.0
31101,107821,26,113.0
31108,122642,3,113.0
31115,122657,129,121.0
31122,122674,18,113.0
31129,122674,20,113.0
31136,122680,43,113.0
31143,122684,242,108.0
31150,122702,43,113.0
31157,122708,20,104.0
31164,122714,31,113.0
31171,122730,73,104.0
31178,122749,64,113.0
31185,122750,47,113.0
31192,122768,53,123.0
31199,122768,70,123.0
31206,122786,11,132.0
31213,122802,31,123.0
31220,122803,79,117.0
31227,122804,71,128.0
31234,122867,9,128.0
31241,122884,28,123.0
31248,122906,30,123.0
31255,122909,19,123.0
31262,122914,33,128.0
31269,122919,2,123.0
31276,122919,66,128.0
31283,122922,91,123.0
31290,122922,218,119.0
31297,122922,315,108.0
31304,122925,20,145.0
31311,122939,30,132.0
31318,122954,245,119.0
31325,122977,96,123.0
31332,122977,236,119.0
31339,122984,33,123.0
31346,123017,73,123.0
31353,123024,96,123.0
31360,123058,47,123.0
31367,123106,30,123.0
31374,123106,101,119.0
31381,123112,242,108.0
31388,123121,115,121.0
31395,123121,143,121.0
31402,123121,149,121.0
31409,123121,127,121.0
31416,123125,28,117.0
31423,123129,64,123.0
31430,123136,26,113.0
31437,123146,73,117.0
31444,123147,10,123.0
31451,123147,66,123.0
31458,123150,20,123.0
31465,123150,98,123.0
31472,123156,130,108.0
31479,123166,3,113.0
31486,123174,14,132.0
31493,123184,1,123.0
31500,123185,119,119.0
31507,123188,19,117.0
31514,123211,9,100.0
31521,123211,129,128.0
31528,123219,9,117.0
31535,123223,98,115.0
31542,123225,26,139.0
31549,123225,79,123.0
31556,123227,51,113.0
31563,123230,402,108.0
31570,123244,43,113.0
31577,123259,164,119.0
31584,123263,21,117.0
31591,123263,135,108.0
31598,123265,43,113.0
31605,123266,148,115.0
31612,123273,27,123.0
31619,123278,71,94.0
31626,123283,73,117.0
31633,123288,31,123.0
31640,123294,27,117.0
31647,123306,14,104.0
31654,123310,71,113.0
31661,123310,4,113.0
31668,123315,47,128.0
31675,123323,10,123.0
31682,123326,14,128.0
31689,123327,43,113.0
31696,123332,58,104.0
31703,123348,28,117.0
31710,123348,98,108.0
31717,123354,119,108.0
31724,123354,122,108.0
31731,123363,20,123.0
31738,9638,30,107.0
31745,123376,73,113.0
31752,123376,10,113.0
31759,4180,98,107.0
31766,123395,91,123.0
31773,123405,9,123.0
31780,123418,98,113.0
31787,123429,62,123.0
31794,123438,89,123.0
31801,123451,39,117.0
31808,123518,297,108.0
31815,123518,76,113.0
31822,123530,103,119.0
31829,123530,132,119.0
31836,123530,290,121.0
31843,123532,24,104.0
31850,123549,88,108.0
31857,123556,89,113.0
31864,123556,42,113.0
31871,123579,98,113.0
31878,123603,23,123.0
31885,123603,28,123.0
31892,123604,64,128.0
31899,6298,28,122.0
31906,6298,121,119.0
31913,4223,19,49.0
31920,123656,30,113.0
31927,123657,126,121.0
31934,123681,23,123.0
31941,123694,24,113.0
31948,123701,23,113.0
31955,123701,184,113.0
31962,123701,218,82.0
31969,123701,333,108.0
31976,123701,102,113.0
31983,107999,14,110.0
31990,123708,14,113.0
31997,123709,52,93.0
32004,123711,54,113.0
32011,123711,28,113.0
32018,123718,13,93.0
32025,123718,39,93.0
32032,123723,98,113.0
32039,123729,88,113.0
32046,123734,28,113.0
32053,123744,28,113.0
32060,123747,114,113.0
32067,123750,43,93.0
32074,123755,0,113.0
32081,123757,1,93.0
32088,123765,62,113.0
32095,123773,60,113.0
32102,123782,52,113.0
32109,123787,1,110.0
32116,123787,84,113.0
32123,123789,27,113.0
32130,123792,76,113.0
32137,123792,247,82.0
32144,123793,98,113.0
32151,123800,10,113.0
32158,123816,164,113.0
32165,123816,3,113.0
32172,123823,3,113.0
32179,123831,27,113.0
32186,123840,28,93.0
32193,123840,15,93.0
32200,123842,42,113.0
32207,123844,33,113.0
32214,123846,31,94.0
32221,123857,28,113.0
32228,123859,73,113.0
32235,123859,131,113.0
32242,123859,127,113.0
32249,123863,32,113.0
32256,123866,9,110.0
32263,123892,73,113.0
32270,123910,30,113.0
32277,123911,28,113.0
32284,108041,89,113.0
32291,108050,10,110.0
32298,108094,31,104.0
32305,6938,33,49.0
32312,6938,47,49.0
32319,113576,10,93.0
32326,113576,95,113.0
32333,4360,64,128.0
32340,111077,122,104.0
32347,4394,24,49.0
32354,4394,96,107.0
32361,4394,31,107.0
32368,102722,14,113.0
32375,102737,43,110.0
32382,4457,42,49.0
32389,4464,96,49.0
32396,111097,51,123.0
32403,102803,54,113.0
32410,113737,51,113.0
32417,102816,72,113.0
32424,102816,35,113.0
32431,102816,283,108.0
32438,102823,14,110.0
32445,108289,115,119.0
32452,4537,45,49.0
32459,6366,42,49.0
32466,4558,22,49.0
32473,4558,122,110.0
32480,102875,18,110.0
32487,102875,96,121.0
32494,102884,14,104.0
32501,102884,116,104.0
32508,102884,78,104.0
32515,102884,36,104.0
32522,102884,41,104.0
32529,4585,60,49.0
32536,4598,20,49.0
32543,4598,248,108.0
32550,4598,114,110.0
32557,4598,42,49.0
32564,102923,30,117.0
32571,4625,73,49.0
32578,4627,29,49.0
32585,108417,13,94.0
32592,108417,236,82.0
32599,4652,9,49.0
32606,4652,129,110.0
32613,4671,24,49.0
32620,4671,46,49.0
32627,4671,3,49.0
32634,4684,24,49.0
32641,4684,37,49.0
32648,7483,71,49.0
32655,103000,20,117.0
32662,108464,18,110.0
32669,119403,62,123.0
32676,108502,89,110.0
32683,103056,44,104.0
32690,103056,11,104.0
32697,108535,30,113.0
32704,108540,76,113.0
32711,108540,7,113.0
32718,108540,31,113.0
32725,108540,295,108.0
32732,103095,30,110.0
32739,100255,30,128.0
32746,4819,60,49.0
32753,108592,1,104.0
32760,108597,98,113.0
32767,4841,0,49.0
32774,4841,115,110.0
32781,108613,119,113.0
32788,10310,52,49.0
32795,10310,3,49.0
32802,10316,89,49.0
32809,108629,47,110.0
32816,108638,72,110.0
32823,108638,364,121.0
32830,108651,130,113.0
32837,4889,33,122.0
32844,108693,31,110.0
32851,108715,19,110.0
32858,108719,30,110.0
32865,108719,4,110.0
32872,108721,0,113.0
32879,103279,18,113.0
32886,6451,30,122.0
32893,103310,38,113.0
32900,103313,0,113.0
32907,108798,52,113.0
32914,108809,30,117.0
32921,5045,3,49.0
32928,103365,19,110.0
32935,108838,14,113.0
32942,108850,115,113.0
32949,5101,25,122.0
32956,5101,106,122.0
32963,5101,166,119.0
32970,108882,23,104.0
32977,123231,98,108.0
32984,108905,182,108.0
32991,108915,62,117.0
32998,103461,43,110.0
33005,108956,115,104.0
33012,108956,154,104.0
33019,108956,119,104.0
33026,108975,22,117.0
33033,108994,9,113.0
33040,109017,13,113.0
33047,6515,3,49.0
33054,8069,151,107.0
33061,104724,75,113.0
33068,104724,93,113.0
33075,110417,41,113.0
33082,110417,298,108.0
33089,110417,145,121.0
33096,10813,20,49.0
33103,6527,52,49.0
33110,120053,73,113.0
33117,6528,45,49.0
33124,103681,3,110.0
33131,103642,71,119.0
33138,5393,43,49.0
33145,10869,88,49.0
33152,103712,134,113.0
33159,103712,160,113.0
33166,103712,145,113.0
33173,103713,62,117.0
33180,10877,22,122.0
33187,10877,16,122.0
33194,109189,42,113.0
33201,109205,20,113.0
33208,103746,20,104.0
33215,5449,24,49.0
33222,5449,92,49.0
33229,5449,121,110.0
33236,103765,22,110.0
33243,103765,92,110.0
